"","chart_week","current_week","title","performer","last_week","peak_pos","wks_on_chart"
"1","2025-01-04","1","All I Want For Christmas Is You","Mariah Carey","LW","1","PEAK"
"2","2025-01-04","2","Rockin' Around The Christmas Tree","Brenda Lee","LW","2","PEAK"
"3","2025-01-04","3","Last Christmas","Wham!","LW","3","PEAK"
"4","2025-01-04","4","Jingle Bell Rock","Bobby Helms","LW","4","PEAK"
"5","2025-01-04","5","Santa Tell Me","Ariana Grande","LW","9","PEAK"
"6","2025-01-04","6","A Holly Jolly Christmas","Burl Ives","LW","5","PEAK"
"7","2025-01-04","7","It's The Most Wonderful Time Of The Year","Andy Williams","LW","7","PEAK"
"8","2025-01-04","8","Let It Snow! Let It Snow! Let It Snow!","Dean Martin","LW","8","PEAK"
"9","2025-01-04","9","Underneath The Tree","Kelly Clarkson","LW","10","PEAK"
"10","2025-01-04","10","The Christmas Song (Merry Christmas To You)","Nat ""King"" Cole","LW","14","PEAK"
"11","2025-01-04","11","Feliz Navidad","Jose Feliciano","LW","16","PEAK"
"12","2025-01-04","12","It's Beginning To Look A Lot Like Christmas","Michael Buble","LW","15","PEAK"
"13","2025-01-04","13","Sleigh Ride","The Ronettes","LW","17","PEAK"
"14","2025-01-04","14","Run Rudolph Run","Chuck Berry","LW","21","PEAK"
"15","2025-01-04","15","Christmas (Baby Please Come Home)","Darlene Love","LW","23","PEAK"
"16","2025-01-04","16","It's Beginning To Look A Lot Like Christmas","Perry Como And The Fontane Sisters With Mitchell Ayres And His Orchestra","LW","24","PEAK"
"17","2025-01-04","17","Die With A Smile","Lady Gaga & Bruno Mars","LW","6","PEAK"
"18","2025-01-04","18","Jingle Bells","Frank Sinatra With The Orchestra & Chorus Of Gordon Jenkins","LW","27","PEAK"
"19","2025-01-04","19","White Christmas (1947)","Bing Crosby With Ken Darby Singers & John Scott Trotter & His Orchestra","LW","28","PEAK"
"20","2025-01-04","20","Deck The Halls","Nat King Cole","LW","31","PEAK"
"21","2025-01-04","21","Blue Christmas","Elvis Presley","LW","36","PEAK"
"22","2025-01-04","22","Santa Baby","Eartha Kitt With Henri Rene And His Orchestra","LW","37","PEAK"
"23","2025-01-04","23","Here Comes Santa Claus (Right Down Santa Claus Lane)","Gene Autry","LW","35","PEAK"
"24","2025-01-04","24","A Bar Song (Tipsy)","Shaboozey","LW","13","PEAK"
"25","2025-01-04","25","Little Saint Nick","The Beach Boys","LW","43","PEAK"
"26","2025-01-04","26","Wonderful Christmastime","Paul McCartney","LW","39","PEAK"
"27","2025-01-04","27","Luther","Kendrick Lamar & SZA","LW","11","PEAK"
"28","2025-01-04","28","Birds Of A Feather","Billie Eilish","LW","18","PEAK"
"29","2025-01-04","29","Please Come Home For Christmas","Eagles","LW","49","PEAK"
"30","2025-01-04","30","Rudolph The Red-Nosed Reindeer","Gene Autry & The Pinafores","LW","48","PEAK"
"31","2025-01-04","31","Christmastime Is Here","Vince Guaraldi Trio","LW","46","PEAK"
"32","2025-01-04","32","TV Off","Kendrick Lamar Featuring Lefty Gunplay","LW","12","PEAK"
"33","2025-01-04","33","That's So True","Gracie Abrams","LW","19","PEAK"
"34","2025-01-04","34","APT.","ROSE & Bruno Mars","LW","22","PEAK"
"35","2025-01-04","35RE-ENTRY","This Christmas","Donny Hathaway","LW","-","PEAK"
"36","2025-01-04","36RE-ENTRY","Baby It's Cold Outside","Dean Martin","LW","-","PEAK"
"37","2025-01-04","37","Holly Jolly Christmas","Michael Buble","LW","-","PEAK"
"38","2025-01-04","38RE-ENTRY","Merry Christmas","Ed Sheeran & Elton John","LW","-","PEAK"
"39","2025-01-04","39","Like It's Christmas","Jonas Brothers","LW","50","PEAK"
"40","2025-01-04","40RE-ENTRY","You're A Mean One, Mr. Grinch","Thurl Ravenscroft","LW","-","PEAK"
"41","2025-01-04","41","Taste","Sabrina Carpenter","LW","26","PEAK"
"42","2025-01-04","42RE-ENTRY","Mistletoe","Justin Bieber","LW","-","PEAK"
"43","2025-01-04","43","Snowman","Sia","LW","-","PEAK"
"44","2025-01-04","44","Squabble Up","Kendrick Lamar","LW","20","PEAK"
"45","2025-01-04","45","30 For 30","SZA With Kendrick Lamar","LW","-","PEAK"
"46","2025-01-04","46","Espresso","Sabrina Carpenter","LW","30","PEAK"
"47","2025-01-04","47","I Had Some Help","Post Malone Featuring Morgan Wallen","LW","29","PEAK"
"48","2025-01-04","48","Winter Wonderland","Darlene Love","LW","-","PEAK"
"49","2025-01-04","49RE-ENTRY","Happy Holiday / The Holiday Season","Andy Williams","LW","-","PEAK"
"50","2025-01-04","50","You Make It Feel Like Christmas","Gwen Stefani Featuring Blake Shelton","LW","-","PEAK"
"51","2025-01-04","51","Timeless","The Weeknd & Playboi Carti","LW","32","PEAK"
"52","2025-01-04","52","Sticky","Tyler, The Creator Featuring GloRilla, Sexyy Red & Lil Wayne","LW","34","PEAK"
"53","2025-01-04","53","Love Somebody","Morgan Wallen","LW","38","PEAK"
"54","2025-01-04","54","Whatchu Kno About Me","GloRilla & Sexyy Red","LW","45","PEAK"
"55","2025-01-04","55","BMF","SZA","LW","-","PEAK"
"56","2025-01-04","56","Christmas Magic","Laufey","LW","67","PEAK"
"57","2025-01-04","57","High Road","Koe Wetzel & Jessie Murph","LW","51","PEAK"
"58","2025-01-04","58","Sailor Song","Gigi Perez","LW","52","PEAK"
"59","2025-01-04","59","Drive","SZA","LW","-","PEAK"
"60","2025-01-04","60","Bed Chem","Sabrina Carpenter","LW","55","PEAK"
"61","2025-01-04","61","Messy","Lola Young","LW","54","PEAK"
"62","2025-01-04","62","Diamond Boy (DTM)","SZA","LW","-","PEAK"
"63","2025-01-04","63","Scorsese Baby Daddy","SZA","LW","-","PEAK"
"64","2025-01-04","64","What Do I Do","SZA","LW","-","PEAK"
"65","2025-01-04","65","Wind Up Missin' You","Tucker Wetmore","LW","58","PEAK"
"66","2025-01-04","66","Like Him","Tyler, The Creator Featuring Lola Young","LW","56","PEAK"
"67","2025-01-04","67","Pink Pony Club","Chappell Roan","LW","62","PEAK"
"68","2025-01-04","68","Tu Boda","Oscar Maydon & Fuerza Regida","LW","61","PEAK"
"69","2025-01-04","69","No More Hiding","SZA","LW","-","PEAK"
"70","2025-01-04","70","Crybaby","SZA","LW","-","PEAK"
"71","2025-01-04","71","Kitchen","SZA","LW","-","PEAK"
"72","2025-01-04","72","I Never Lie","Zach Top","LW","66","PEAK"
"73","2025-01-04","73","Another Life","SZA","LW","-","PEAK"
"74","2025-01-04","74","No One Noticed","The Marias","LW","64","PEAK"
"75","2025-01-04","75","Defying Gravity","Cynthia Erivo Featuring Ariana Grande","LW","59","PEAK"
"76","2025-01-04","76","It's Ok I'm Ok","Tate McRae","LW","68","PEAK"
"77","2025-01-04","77","Indigo","Sam Barber Featuring Avery Anna","LW","65","PEAK"
"78","2025-01-04","78","Run Rudolph Run","Mark Ambor","LW","-","PEAK"
"79","2025-01-04","79","Love Me 4 Me","SZA","LW","-","PEAK"
"80","2025-01-04","80","Chill Baby","SZA","LW","-","PEAK"
"81","2025-01-04","81","My Turn","SZA","LW","-","PEAK"
"82","2025-01-04","82","Hey Now","Kendrick Lamar Featuring Dody6","LW","60","PEAK"
"83","2025-01-04","83","Que Pasaria...","Rauw Alejandro & Bad Bunny","LW","69","PEAK"
"84","2025-01-04","84","Liar","Jelly Roll","LW","74","PEAK"
"85","2025-01-04","85","Residuals","Chris Brown","LW","82","PEAK"
"86","2025-01-04","86","Help Me","Real Boston Richey","LW","79","PEAK"
"87","2025-01-04","87","I'm Gonna Love You","Cody Johnson & Carrie Underwood","LW","76","PEAK"
"88","2025-01-04","88","Holiday Road","Kesha","LW","-","PEAK"
"89","2025-01-04","89","Santa Baby","Laufey","LW","-","PEAK"
"90","2025-01-04","90","Wacced Out Murals","Kendrick Lamar","LW","63","PEAK"
"91","2025-01-04","91","Dancing In The Flames","The Weeknd","LW","81","PEAK"
"92","2025-01-04","92","Empty Out Your Pockets","Juice WRLD","LW","72","PEAK"
"93","2025-01-04","93","Heart Of A Woman","Summer Walker","LW","83","PEAK"
"94","2025-01-04","94","4x4xU","Lainey Wilson","LW","75","PEAK"
"95","2025-01-04","95","Good News","Shaboozey","LW","77","PEAK"
"96","2025-01-04","96","Dos Dias","Tito Double P & Peso Pluma","LW","88","PEAK"
"97","2025-01-04","97","25","Rod Wave","LW","94","PEAK"
"98","2025-01-04","98","Popular","Ariana Grande","LW","73","PEAK"
"99","2025-01-04","99","Think I'm In Love With You","Chris Stapleton","LW","89","PEAK"
"100","2025-01-04","100","Peekaboo","Kendrick Lamar Featuring AzChike","LW","71","PEAK"
"101","2025-01-11","1","Die With A Smile","Lady Gaga & Bruno Mars","LW","17","PEAK"
"102","2025-01-11","2","A Bar Song (Tipsy)","Shaboozey","LW","24","PEAK"
"103","2025-01-11","3","Birds Of A Feather","Billie Eilish","LW","28","PEAK"
"104","2025-01-11","4RE-ENTRY","Lose Control","Teddy Swims","LW","-","PEAK"
"105","2025-01-11","5","APT.","ROSE & Bruno Mars","LW","34","PEAK"
"106","2025-01-11","6","That's So True","Gracie Abrams","LW","33","PEAK"
"107","2025-01-11","7","Luther","Kendrick Lamar & SZA","LW","27","PEAK"
"108","2025-01-11","8","I Had Some Help","Post Malone Featuring Morgan Wallen","LW","47","PEAK"
"109","2025-01-11","9","Espresso","Sabrina Carpenter","LW","46","PEAK"
"110","2025-01-11","10","Taste","Sabrina Carpenter","LW","41","PEAK"
"111","2025-01-11","11","TV Off","Kendrick Lamar Featuring Lefty Gunplay","LW","32","PEAK"
"112","2025-01-11","12RE-ENTRY","Beautiful Things","Benson Boone","LW","-","PEAK"
"113","2025-01-11","13","Love Somebody","Morgan Wallen","LW","53","PEAK"
"114","2025-01-11","14RE-ENTRY","Too Sweet","Hozier","LW","-","PEAK"
"115","2025-01-11","15","Timeless","The Weeknd & Playboi Carti","LW","51","PEAK"
"116","2025-01-11","16","Squabble Up","Kendrick Lamar","LW","44","PEAK"
"117","2025-01-11","17RE-ENTRY","Good Luck, Babe!","Chappell Roan","LW","-","PEAK"
"118","2025-01-11","18","Sticky","Tyler, The Creator Featuring GloRilla, Sexyy Red & Lil Wayne","LW","52","PEAK"
"119","2025-01-11","19RE-ENTRY","Stargazing","Myles Smith","LW","-","PEAK"
"120","2025-01-11","20RE-ENTRY","Not Like Us","Kendrick Lamar","LW","-","PEAK"
"121","2025-01-11","21","Whatchu Kno About Me","GloRilla & Sexyy Red","LW","54","PEAK"
"122","2025-01-11","22","30 For 30","SZA With Kendrick Lamar","LW","45","PEAK"
"123","2025-01-11","23","High Road","Koe Wetzel & Jessie Murph","LW","57","PEAK"
"124","2025-01-11","24RE-ENTRY","Who","Jimin","LW","-","PEAK"
"125","2025-01-11","25","Messy","Lola Young","LW","61","PEAK"
"126","2025-01-11","26RE-ENTRY","Please Please Please","Sabrina Carpenter","LW","-","PEAK"
"127","2025-01-11","27","Smile","Morgan Wallen","LW","-","PEAK"
"128","2025-01-11","28RE-ENTRY","I Am Not Okay","Jelly Roll","LW","-","PEAK"
"129","2025-01-11","29","BMF","SZA","LW","55","PEAK"
"130","2025-01-11","30RE-ENTRY","Million Dollar Baby","Tommy Richman","LW","-","PEAK"
"131","2025-01-11","31","Wind Up Missin' You","Tucker Wetmore","LW","65","PEAK"
"132","2025-01-11","32","Bed Chem","Sabrina Carpenter","LW","60","PEAK"
"133","2025-01-11","33","Sailor Song","Gigi Perez","LW","58","PEAK"
"134","2025-01-11","34RE-ENTRY","Lies Lies Lies","Morgan Wallen","LW","-","PEAK"
"135","2025-01-11","35RE-ENTRY","Wildflower","Billie Eilish","LW","-","PEAK"
"136","2025-01-11","36","Pink Pony Club","Chappell Roan","LW","67","PEAK"
"137","2025-01-11","37","Like Him","Tyler, The Creator Featuring Lola Young","LW","66","PEAK"
"138","2025-01-11","38","I Never Lie","Zach Top","LW","72","PEAK"
"139","2025-01-11","39","Liar","Jelly Roll","LW","84","PEAK"
"140","2025-01-11","40","I'm Gonna Love You","Cody Johnson & Carrie Underwood","LW","87","PEAK"
"141","2025-01-11","41","Scorsese Baby Daddy","SZA","LW","63","PEAK"
"142","2025-01-11","42","Tu Boda","Oscar Maydon & Fuerza Regida","LW","68","PEAK"
"143","2025-01-11","43RE-ENTRY","I Love You, I'm Sorry","Gracie Abrams","LW","-","PEAK"
"144","2025-01-11","44","It's Ok I'm Ok","Tate McRae","LW","76","PEAK"
"145","2025-01-11","45","4x4xU","Lainey Wilson","LW","94","PEAK"
"146","2025-01-11","46","No One Noticed","The Marias","LW","74","PEAK"
"147","2025-01-11","47","Good News","Shaboozey","LW","95","PEAK"
"148","2025-01-11","48","Indigo","Sam Barber Featuring Avery Anna","LW","77","PEAK"
"149","2025-01-11","49","Defying Gravity","Cynthia Erivo Featuring Ariana Grande","LW","75","PEAK"
"150","2025-01-11","50","Loco","Neton Vega","LW","-","PEAK"
"151","2025-01-11","51","Drive","SZA","LW","59","PEAK"
"152","2025-01-11","52","Que Pasaria...","Rauw Alejandro & Bad Bunny","LW","83","PEAK"
"153","2025-01-11","53","Think I'm In Love With You","Chris Stapleton","LW","99","PEAK"
"154","2025-01-11","54RE-ENTRY","Guy For That","Post Malone Featuring Luke Combs","LW","-","PEAK"
"155","2025-01-11","55","Dancing In The Flames","The Weeknd","LW","91","PEAK"
"156","2025-01-11","56","Hey Now","Kendrick Lamar Featuring Dody6","LW","82","PEAK"
"157","2025-01-11","57","Help Me","Real Boston Richey","LW","86","PEAK"
"158","2025-01-11","58","Residuals","Chris Brown","LW","85","PEAK"
"159","2025-01-11","59RE-ENTRY","Am I Okay?","Megan Moroney","LW","-","PEAK"
"160","2025-01-11","60","Diamond Boy (DTM)","SZA","LW","62","PEAK"
"161","2025-01-11","61RE-ENTRY","I Ain't Sayin'","Jordan Davis","LW","-","PEAK"
"162","2025-01-11","62","What Do I Do","SZA","LW","64","PEAK"
"163","2025-01-11","63","Heart Of A Woman","Summer Walker","LW","93","PEAK"
"164","2025-01-11","64","Another Life","SZA","LW","73","PEAK"
"165","2025-01-11","65RE-ENTRY","Bad Dreams","Teddy Swims","LW","-","PEAK"
"166","2025-01-11","66RE-ENTRY","No Pole","Don Toliver","LW","-","PEAK"
"167","2025-01-11","67","Empty Out Your Pockets","Juice WRLD","LW","92","PEAK"
"168","2025-01-11","68","Dos Dias","Tito Double P & Peso Pluma","LW","96","PEAK"
"169","2025-01-11","69RE-ENTRY","Close To You","Gracie Abrams","LW","-","PEAK"
"170","2025-01-11","70","Popular","Ariana Grande","LW","98","PEAK"
"171","2025-01-11","71","Crybaby","SZA","LW","70","PEAK"
"172","2025-01-11","72","Wacced Out Murals","Kendrick Lamar","LW","90","PEAK"
"173","2025-01-11","73RE-ENTRY","Diet Pepsi","Addison Rae","LW","-","PEAK"
"174","2025-01-11","74RE-ENTRY","Apple","Charli xcx","LW","-","PEAK"
"175","2025-01-11","75","Boys Back Home","Dylan Marlowe & Dylan Scott","LW","-","PEAK"
"176","2025-01-11","76","25","Rod Wave","LW","97","PEAK"
"177","2025-01-11","77","Kitchen","SZA","LW","71","PEAK"
"178","2025-01-11","78","Peekaboo","Kendrick Lamar Featuring AzChike","LW","100","PEAK"
"179","2025-01-11","79RE-ENTRY","Burning Down","Alex Warren","LW","-","PEAK"
"180","2025-01-11","80RE-ENTRY","Disease","Lady Gaga","LW","-","PEAK"
"181","2025-01-11","81RE-ENTRY","Shake Dat Ass (Twerk Song)","BossMan Dlow","LW","-","PEAK"
"182","2025-01-11","82RE-ENTRY","Gang Baby","NLE Choppa","LW","-","PEAK"
"183","2025-01-11","83RE-ENTRY","Khe?","Rauw Alejandro & Romeo Santos","LW","-","PEAK"
"184","2025-01-11","84RE-ENTRY","Brokey","Latto","LW","-","PEAK"
"185","2025-01-11","85RE-ENTRY","Rosones","Tito Double P","LW","-","PEAK"
"186","2025-01-11","86RE-ENTRY","Juno","Sabrina Carpenter","LW","-","PEAK"
"187","2025-01-11","87","Nadie","Tito Double P","LW","-","PEAK"
"188","2025-01-11","88RE-ENTRY","What Is This Feeling?","Ariana Grande & Cynthia Erivo","LW","-","PEAK"
"189","2025-01-11","89RE-ENTRY","El Club","Bad Bunny","LW","-","PEAK"
"190","2025-01-11","90RE-ENTRY","Dodger Blue","Kendrick Lamar Featuring Wallie the Sensei, Siete7x & Roddy Ricch","LW","-","PEAK"
"191","2025-01-11","91","Pitorro de Coco","Bad Bunny","LW","-","PEAK"
"192","2025-01-11","92RE-ENTRY","The Largest","BigXthaPlug","LW","-","PEAK"
"193","2025-01-11","93RE-ENTRY","Wondering Why","The Red Clay Strays","LW","-","PEAK"
"194","2025-01-11","94","Ends Of The Earth","Ty Myers","LW","-","PEAK"
"195","2025-01-11","95","Chill Baby","SZA","LW","80","PEAK"
"196","2025-01-11","96RE-ENTRY","Holy Smokes","Bailey Zimmerman","LW","-","PEAK"
"197","2025-01-11","97RE-ENTRY","High Road","Zach Bryan","LW","-","PEAK"
"198","2025-01-11","98RE-ENTRY","On One Tonight","Gunna","LW","-","PEAK"
"199","2025-01-11","99RE-ENTRY","St. Chroma","Tyler, The Creator Featuring Daniel Caesar","LW","-","PEAK"
"200","2025-01-11","100","Cowboy Songs","George Birge","LW","-","PEAK"
"201","2025-01-18","1","Die With A Smile","Lady Gaga & Bruno Mars","LW","1","PEAK"
"202","2025-01-18","2","A Bar Song (Tipsy)","Shaboozey","LW","2","PEAK"
"203","2025-01-18","3","Birds Of A Feather","Billie Eilish","LW","3","PEAK"
"204","2025-01-18","4","Smile","Morgan Wallen","LW","27","PEAK"
"205","2025-01-18","5","APT.","ROSE & Bruno Mars","LW","5","PEAK"
"206","2025-01-18","6","Lose Control","Teddy Swims","LW","4","PEAK"
"207","2025-01-18","7","Luther","Kendrick Lamar & SZA","LW","7","PEAK"
"208","2025-01-18","8","That's So True","Gracie Abrams","LW","6","PEAK"
"209","2025-01-18","9","I Had Some Help","Post Malone Featuring Morgan Wallen","LW","8","PEAK"
"210","2025-01-18","10","Espresso","Sabrina Carpenter","LW","9","PEAK"
"211","2025-01-18","11","TV Off","Kendrick Lamar Featuring Lefty Gunplay","LW","11","PEAK"
"212","2025-01-18","12","Taste","Sabrina Carpenter","LW","10","PEAK"
"213","2025-01-18","13","Love Somebody","Morgan Wallen","LW","13","PEAK"
"214","2025-01-18","14","Beautiful Things","Benson Boone","LW","12","PEAK"
"215","2025-01-18","15","Timeless","The Weeknd & Playboi Carti","LW","15","PEAK"
"216","2025-01-18","16","Dum, Dumb, And Dumber","Lil Baby, Young Thug & Future","LW","-","PEAK"
"217","2025-01-18","17","Too Sweet","Hozier","LW","14","PEAK"
"218","2025-01-18","18","Sticky","Tyler, The Creator Featuring GloRilla, Sexyy Red & Lil Wayne","LW","18","PEAK"
"219","2025-01-18","19","Squabble Up","Kendrick Lamar","LW","16","PEAK"
"220","2025-01-18","20","Stargazing","Myles Smith","LW","19","PEAK"
"221","2025-01-18","21","Good Luck, Babe!","Chappell Roan","LW","17","PEAK"
"222","2025-01-18","22","30 For 30","SZA With Kendrick Lamar","LW","22","PEAK"
"223","2025-01-18","23","Not Like Us","Kendrick Lamar","LW","20","PEAK"
"224","2025-01-18","24","Messy","Lola Young","LW","25","PEAK"
"225","2025-01-18","25","High Road","Koe Wetzel & Jessie Murph","LW","23","PEAK"
"226","2025-01-18","26","Whatchu Kno About Me","GloRilla & Sexyy Red","LW","21","PEAK"
"227","2025-01-18","27","Nuevayol","Bad Bunny","LW","-","PEAK"
"228","2025-01-18","28","Baile Inolvidable","Bad Bunny","LW","-","PEAK"
"229","2025-01-18","29","Tweaker","GELO","LW","-","PEAK"
"230","2025-01-18","30","Sailor Song","Gigi Perez","LW","33","PEAK"
"231","2025-01-18","31","Wind Up Missin' You","Tucker Wetmore","LW","31","PEAK"
"232","2025-01-18","32","Please Please Please","Sabrina Carpenter","LW","26","PEAK"
"233","2025-01-18","33","I Am Not Okay","Jelly Roll","LW","28","PEAK"
"234","2025-01-18","34","BMF","SZA","LW","29","PEAK"
"235","2025-01-18","35","Bed Chem","Sabrina Carpenter","LW","32","PEAK"
"236","2025-01-18","36","Voy A Llevarte Pa PR","Bad Bunny","LW","-","PEAK"
"237","2025-01-18","37","El Club","Bad Bunny","LW","89","PEAK"
"238","2025-01-18","38","DTMF","Bad Bunny","LW","-","PEAK"
"239","2025-01-18","39","Who","Jimin","LW","24","PEAK"
"240","2025-01-18","40","Million Dollar Baby","Tommy Richman","LW","30","PEAK"
"241","2025-01-18","41","Wildflower","Billie Eilish","LW","35","PEAK"
"242","2025-01-18","42","Lies Lies Lies","Morgan Wallen","LW","34","PEAK"
"243","2025-01-18","43","Velda","Bad Bunny, Omar Courtz & Dei V","LW","-","PEAK"
"244","2025-01-18","44","By Myself","Lil Baby & Rylo Rodriguez Featuring Rod Wave","LW","-","PEAK"
"245","2025-01-18","45","Perfumito Nuevo","Bad Bunny & RaiNao","LW","-","PEAK"
"246","2025-01-18","46","Like Him","Tyler, The Creator Featuring Lola Young","LW","37","PEAK"
"247","2025-01-18","47","Pink Pony Club","Chappell Roan","LW","36","PEAK"
"248","2025-01-18","48","No One Noticed","The Marias","LW","46","PEAK"
"249","2025-01-18","49","Liar","Jelly Roll","LW","39","PEAK"
"250","2025-01-18","50","Outfit","Lil Baby & 21 Savage","LW","-","PEAK"
"251","2025-01-18","51","Stuff","Lil Baby Featuring Travis Scott","LW","-","PEAK"
"252","2025-01-18","52","Weltita","Bad Bunny & Chuwi","LW","-","PEAK"
"253","2025-01-18","53","Redbone","Lil Baby & GloRilla","LW","-","PEAK"
"254","2025-01-18","54","EOO","Bad Bunny","LW","-","PEAK"
"255","2025-01-18","55","I Never Lie","Zach Top","LW","38","PEAK"
"256","2025-01-18","56","I'm Gonna Love You","Cody Johnson & Carrie Underwood","LW","40","PEAK"
"257","2025-01-18","57","F U 2x","Lil Baby","LW","-","PEAK"
"258","2025-01-18","58","4x4xU","Lainey Wilson","LW","45","PEAK"
"259","2025-01-18","59","Ketu Tecre","Bad Bunny","LW","-","PEAK"
"260","2025-01-18","60","Pitorro de Coco","Bad Bunny","LW","91","PEAK"
"261","2025-01-18","61","Indigo","Sam Barber Featuring Avery Anna","LW","48","PEAK"
"262","2025-01-18","62","Loco","Neton Vega","LW","50","PEAK"
"263","2025-01-18","63","It's Ok I'm Ok","Tate McRae","LW","44","PEAK"
"264","2025-01-18","64","Good News","Shaboozey","LW","47","PEAK"
"265","2025-01-18","65","Listen Up","Lil Baby","LW","-","PEAK"
"266","2025-01-18","66","Kloufrens","Bad Bunny","LW","-","PEAK"
"267","2025-01-18","67","Defying Gravity","Cynthia Erivo Featuring Ariana Grande","LW","49","PEAK"
"268","2025-01-18","68","Tu Boda","Oscar Maydon & Fuerza Regida","LW","42","PEAK"
"269","2025-01-18","69","Bokete","Bad Bunny","LW","-","PEAK"
"270","2025-01-18","70","Scorsese Baby Daddy","SZA","LW","41","PEAK"
"271","2025-01-18","71","I Promise","Lil Baby","LW","-","PEAK"
"272","2025-01-18","72","Que Pasaria...","Rauw Alejandro & Bad Bunny","LW","52","PEAK"
"273","2025-01-18","73","Due 4A Win","Lil Baby","LW","-","PEAK"
"274","2025-01-18","74","So Sorry","Lil Baby","LW","-","PEAK"
"275","2025-01-18","75","Think I'm In Love With You","Chris Stapleton","LW","53","PEAK"
"276","2025-01-18","76","Denial Is A River","Doechii","LW","-","PEAK"
"277","2025-01-18","77","Turista","Bad Bunny","LW","-","PEAK"
"278","2025-01-18","78","Guy For That","Post Malone Featuring Luke Combs","LW","54","PEAK"
"279","2025-01-18","79","Residuals","Chris Brown","LW","58","PEAK"
"280","2025-01-18","80","No Pole","Don Toliver","LW","66","PEAK"
"281","2025-01-18","81","I Ain't Sayin'","Jordan Davis","LW","61","PEAK"
"282","2025-01-18","82","Am I Okay?","Megan Moroney","LW","59","PEAK"
"283","2025-01-18","83","Cafe Con Ron","Bad Bunny & Los Pleneros de La Cresta","LW","-","PEAK"
"284","2025-01-18","84","Help Me","Real Boston Richey","LW","57","PEAK"
"285","2025-01-18","85","Bad Dreams","Teddy Swims","LW","65","PEAK"
"286","2025-01-18","86","Stiff Gang","Lil Baby","LW","-","PEAK"
"287","2025-01-18","87","Dancing In The Flames","The Weeknd","LW","55","PEAK"
"288","2025-01-18","88","Boys Back Home","Dylan Marlowe & Dylan Scott","LW","75","PEAK"
"289","2025-01-18","89","Heart Of A Woman","Summer Walker","LW","63","PEAK"
"290","2025-01-18","90","Peekaboo","Kendrick Lamar Featuring AzChike","LW","78","PEAK"
"291","2025-01-18","91","Drive","SZA","LW","51","PEAK"
"292","2025-01-18","92","Popular","Ariana Grande","LW","70","PEAK"
"293","2025-01-18","93","Hey Now","Kendrick Lamar Featuring Dody6","LW","56","PEAK"
"294","2025-01-18","94","Lo Que Le Paso A Hawaii","Bad Bunny","LW","-","PEAK"
"295","2025-01-18","95","La Mudanza","Bad Bunny","LW","-","PEAK"
"296","2025-01-18","96","Close To You","Gracie Abrams","LW","69","PEAK"
"297","2025-01-18","97","Diet Pepsi","Addison Rae","LW","73","PEAK"
"298","2025-01-18","98","Burning Down","Alex Warren","LW","79","PEAK"
"299","2025-01-18","99","Free Promo","Lil Baby","LW","-","PEAK"
"300","2025-01-18","100","Dos Dias","Tito Double P & Peso Pluma","LW","68","PEAK"
"301","2025-01-25","1","Die With A Smile","Lady Gaga & Bruno Mars","LW","1","PEAK"
"302","2025-01-25","2","DTMF","Bad Bunny","LW","38","PEAK"
"303","2025-01-25","3","Baile Inolvidable","Bad Bunny","LW","28","PEAK"
"304","2025-01-25","4","A Bar Song (Tipsy)","Shaboozey","LW","2","PEAK"
"305","2025-01-25","5","APT.","ROSE & Bruno Mars","LW","5","PEAK"
"306","2025-01-25","6","Luther","Kendrick Lamar & SZA","LW","7","PEAK"
"307","2025-01-25","7","Birds Of A Feather","Billie Eilish","LW","3","PEAK"
"308","2025-01-25","8","Nuevayol","Bad Bunny","LW","27","PEAK"
"309","2025-01-25","9","Lose Control","Teddy Swims","LW","6","PEAK"
"310","2025-01-25","10","That's So True","Gracie Abrams","LW","8","PEAK"
"311","2025-01-25","11","I Had Some Help","Post Malone Featuring Morgan Wallen","LW","9","PEAK"
"312","2025-01-25","12","Taste","Sabrina Carpenter","LW","12","PEAK"
"313","2025-01-25","13","Espresso","Sabrina Carpenter","LW","10","PEAK"
"314","2025-01-25","14","Love Somebody","Morgan Wallen","LW","13","PEAK"
"315","2025-01-25","15","TV Off","Kendrick Lamar Featuring Lefty Gunplay","LW","11","PEAK"
"316","2025-01-25","16","Smile","Morgan Wallen","LW","4","PEAK"
"317","2025-01-25","17","Voy A Llevarte Pa PR","Bad Bunny","LW","36","PEAK"
"318","2025-01-25","18","Beautiful Things","Benson Boone","LW","14","PEAK"
"319","2025-01-25","19","Timeless","The Weeknd & Playboi Carti","LW","15","PEAK"
"320","2025-01-25","20","Squabble Up","Kendrick Lamar","LW","19","PEAK"
"321","2025-01-25","21","Sticky","Tyler, The Creator Featuring GloRilla, Sexyy Red & Lil Wayne","LW","18","PEAK"
"322","2025-01-25","22","Too Sweet","Hozier","LW","17","PEAK"
"323","2025-01-25","23","Velda","Bad Bunny, Omar Courtz & Dei V","LW","43","PEAK"
"324","2025-01-25","24","EOO","Bad Bunny","LW","54","PEAK"
"325","2025-01-25","25","Stargazing","Myles Smith","LW","20","PEAK"
"326","2025-01-25","26","30 For 30","SZA With Kendrick Lamar","LW","22","PEAK"
"327","2025-01-25","27","El Club","Bad Bunny","LW","37","PEAK"
"328","2025-01-25","28","Good Luck, Babe!","Chappell Roan","LW","21","PEAK"
"329","2025-01-25","29","Messy","Lola Young","LW","24","PEAK"
"330","2025-01-25","30","Tweaker","GELO","LW","29","PEAK"
"331","2025-01-25","31","Perfumito Nuevo","Bad Bunny & RaiNao","LW","45","PEAK"
"332","2025-01-25","32","Weltita","Bad Bunny & Chuwi","LW","52","PEAK"
"333","2025-01-25","33","Not Like Us","Kendrick Lamar","LW","23","PEAK"
"334","2025-01-25","34","High Road","Koe Wetzel & Jessie Murph","LW","25","PEAK"
"335","2025-01-25","35","BMF","SZA","LW","34","PEAK"
"336","2025-01-25","36","Bed Chem","Sabrina Carpenter","LW","35","PEAK"
"337","2025-01-25","37","Whatchu Kno About Me","GloRilla & Sexyy Red","LW","26","PEAK"
"338","2025-01-25","38","Ketu Tecre","Bad Bunny","LW","59","PEAK"
"339","2025-01-25","39","Sailor Song","Gigi Perez","LW","30","PEAK"
"340","2025-01-25","40","Kloufrens","Bad Bunny","LW","66","PEAK"
"341","2025-01-25","41","Who","Jimin","LW","39","PEAK"
"342","2025-01-25","42","Bokete","Bad Bunny","LW","69","PEAK"
"343","2025-01-25","43","I Am Not Okay","Jelly Roll","LW","33","PEAK"
"344","2025-01-25","44","Wind Up Missin' You","Tucker Wetmore","LW","31","PEAK"
"345","2025-01-25","45","Turista","Bad Bunny","LW","77","PEAK"
"346","2025-01-25","46","No One Noticed","The Marias","LW","48","PEAK"
"347","2025-01-25","47","Please Please Please","Sabrina Carpenter","LW","32","PEAK"
"348","2025-01-25","48","Cafe Con Ron","Bad Bunny & Los Pleneros de La Cresta","LW","83","PEAK"
"349","2025-01-25","49","Wildflower","Billie Eilish","LW","41","PEAK"
"350","2025-01-25","50","Pitorro de Coco","Bad Bunny","LW","60","PEAK"
"351","2025-01-25","51","La Mudanza","Bad Bunny","LW","95","PEAK"
"352","2025-01-25","52","Liar","Jelly Roll","LW","49","PEAK"
"353","2025-01-25","53","I Never Lie","Zach Top","LW","55","PEAK"
"354","2025-01-25","54","Like Him","Tyler, The Creator Featuring Lola Young","LW","46","PEAK"
"355","2025-01-25","55","Pink Pony Club","Chappell Roan","LW","47","PEAK"
"356","2025-01-25","56","Loco","Neton Vega","LW","62","PEAK"
"357","2025-01-25","57","Que Pasaria...","Rauw Alejandro & Bad Bunny","LW","72","PEAK"
"358","2025-01-25","58","Indigo","Sam Barber Featuring Avery Anna","LW","61","PEAK"
"359","2025-01-25","59","Are You Even Real","Teddy Swims & GIVEON","LW","-","PEAK"
"360","2025-01-25","60","I'm Gonna Love You","Cody Johnson & Carrie Underwood","LW","56","PEAK"
"361","2025-01-25","61","Dum, Dumb, And Dumber","Lil Baby, Young Thug & Future","LW","16","PEAK"
"362","2025-01-25","62","Lo Que Le Paso A Hawaii","Bad Bunny","LW","94","PEAK"
"363","2025-01-25","63","4x4xU","Lainey Wilson","LW","58","PEAK"
"364","2025-01-25","64","Bad Dreams","Teddy Swims","LW","85","PEAK"
"365","2025-01-25","65","Denial Is A River","Doechii","LW","76","PEAK"
"366","2025-01-25","66","Tu Boda","Oscar Maydon & Fuerza Regida","LW","68","PEAK"
"367","2025-01-25","67","Good News","Shaboozey","LW","64","PEAK"
"368","2025-01-25","68","Think I'm In Love With You","Chris Stapleton","LW","75","PEAK"
"369","2025-01-25","69","Guy For That","Post Malone Featuring Luke Combs","LW","78","PEAK"
"370","2025-01-25","70","I Ain't Sayin'","Jordan Davis","LW","81","PEAK"
"371","2025-01-25","71","Defying Gravity","Cynthia Erivo Featuring Ariana Grande","LW","67","PEAK"
"372","2025-01-25","72","No Pole","Don Toliver","LW","80","PEAK"
"373","2025-01-25","73","It's Ok I'm Ok","Tate McRae","LW","63","PEAK"
"374","2025-01-25","74","Am I Okay?","Megan Moroney","LW","82","PEAK"
"375","2025-01-25","75","Scorsese Baby Daddy","SZA","LW","70","PEAK"
"376","2025-01-25","76","Residuals","Chris Brown","LW","79","PEAK"
"377","2025-01-25","77","Heart Of A Woman","Summer Walker","LW","89","PEAK"
"378","2025-01-25","78","Help Me","Real Boston Richey","LW","84","PEAK"
"379","2025-01-25","79","Peekaboo","Kendrick Lamar Featuring AzChike","LW","90","PEAK"
"380","2025-01-25","80","Diet Pepsi","Addison Rae","LW","97","PEAK"
"381","2025-01-25","81","Popular","Ariana Grande","LW","92","PEAK"
"382","2025-01-25","82","Boys Back Home","Dylan Marlowe & Dylan Scott","LW","88","PEAK"
"383","2025-01-25","83","Stuff","Lil Baby Featuring Travis Scott","LW","51","PEAK"
"384","2025-01-25","84RE-ENTRY","Rosones","Tito Double P","LW","-","PEAK"
"385","2025-01-25","85RE-ENTRY","Nadie","Tito Double P","LW","-","PEAK"
"386","2025-01-25","86RE-ENTRY","Khe?","Rauw Alejandro & Romeo Santos","LW","-","PEAK"
"387","2025-01-25","87","Dos Dias","Tito Double P & Peso Pluma","LW","100","PEAK"
"388","2025-01-25","88","Hey Now","Kendrick Lamar Featuring Dody6","LW","93","PEAK"
"389","2025-01-25","89","By Myself","Lil Baby & Rylo Rodriguez Featuring Rod Wave","LW","44","PEAK"
"390","2025-01-25","90","Burning Down","Alex Warren","LW","98","PEAK"
"391","2025-01-25","91","Bigger Houses","Dan + Shay","LW","-","PEAK"
"392","2025-01-25","92RE-ENTRY","The Largest","BigXthaPlug","LW","-","PEAK"
"393","2025-01-25","93","Drive","SZA","LW","91","PEAK"
"394","2025-01-25","94","F U 2x","Lil Baby","LW","57","PEAK"
"395","2025-01-25","95RE-ENTRY","25","Rod Wave","LW","-","PEAK"
"396","2025-01-25","96","Dancing In The Flames","The Weeknd","LW","87","PEAK"
"397","2025-01-25","97","The Days","CHRYSTAL","LW","-","PEAK"
"398","2025-01-25","98","Outfit","Lil Baby & 21 Savage","LW","50","PEAK"
"399","2025-01-25","99","Forever Young","David Guetta, Alphaville & Ava Max","LW","-","PEAK"
"400","2025-01-25","100","Headlock","Imogen Heap","LW","-","PEAK"
"401","2025-02-01","1","Die With A Smile","Lady Gaga & Bruno Mars","LW","1","PEAK"
"402","2025-02-01","2","DTMF","Bad Bunny","LW","2","PEAK"
"403","2025-02-01","3","APT.","ROSE & Bruno Mars","LW","5","PEAK"
"404","2025-02-01","4","A Bar Song (Tipsy)","Shaboozey","LW","4","PEAK"
"405","2025-02-01","5","Luther","Kendrick Lamar & SZA","LW","6","PEAK"
"406","2025-02-01","6","Birds Of A Feather","Billie Eilish","LW","7","PEAK"
"407","2025-02-01","7","Lose Control","Teddy Swims","LW","9","PEAK"
"408","2025-02-01","8","That's So True","Gracie Abrams","LW","10","PEAK"
"409","2025-02-01","9","Baile Inolvidable","Bad Bunny","LW","3","PEAK"
"410","2025-02-01","10","Love Somebody","Morgan Wallen","LW","14","PEAK"
"411","2025-02-01","11","Espresso","Sabrina Carpenter","LW","13","PEAK"
"412","2025-02-01","12","I Had Some Help","Post Malone Featuring Morgan Wallen","LW","11","PEAK"
"413","2025-02-01","13","TV Off","Kendrick Lamar Featuring Lefty Gunplay","LW","15","PEAK"
"414","2025-02-01","14","Taste","Sabrina Carpenter","LW","12","PEAK"
"415","2025-02-01","15","Nuevayol","Bad Bunny","LW","8","PEAK"
"416","2025-02-01","16","Beautiful Things","Benson Boone","LW","18","PEAK"
"417","2025-02-01","17","Timeless","The Weeknd & Playboi Carti","LW","19","PEAK"
"418","2025-02-01","18","Smile","Morgan Wallen","LW","16","PEAK"
"419","2025-02-01","19","Sticky","Tyler, The Creator Featuring GloRilla, Sexyy Red & Lil Wayne","LW","21","PEAK"
"420","2025-02-01","20","Too Sweet","Hozier","LW","22","PEAK"
"421","2025-02-01","21","Squabble Up","Kendrick Lamar","LW","20","PEAK"
"422","2025-02-01","22","Stargazing","Myles Smith","LW","25","PEAK"
"423","2025-02-01","23","30 For 30","SZA With Kendrick Lamar","LW","26","PEAK"
"424","2025-02-01","24","Messy","Lola Young","LW","29","PEAK"
"425","2025-02-01","25","Who","Jimin","LW","41","PEAK"
"426","2025-02-01","26","Voy A Llevarte Pa PR","Bad Bunny","LW","17","PEAK"
"427","2025-02-01","27","Good Luck, Babe!","Chappell Roan","LW","28","PEAK"
"428","2025-02-01","28","High Road","Koe Wetzel & Jessie Murph","LW","34","PEAK"
"429","2025-02-01","29","Not Like Us","Kendrick Lamar","LW","33","PEAK"
"430","2025-02-01","30","EOO","Bad Bunny","LW","24","PEAK"
"431","2025-02-01","31","BMF","SZA","LW","35","PEAK"
"432","2025-02-01","32","Whatchu Kno About Me","GloRilla & Sexyy Red","LW","37","PEAK"
"433","2025-02-01","33","Sailor Song","Gigi Perez","LW","39","PEAK"
"434","2025-02-01","34","Velda","Bad Bunny, Omar Courtz & Dei V","LW","23","PEAK"
"435","2025-02-01","35","Bed Chem","Sabrina Carpenter","LW","36","PEAK"
"436","2025-02-01","36","El Club","Bad Bunny","LW","27","PEAK"
"437","2025-02-01","37","No One Noticed","The Marias","LW","46","PEAK"
"438","2025-02-01","38","Tweaker","GELO","LW","30","PEAK"
"439","2025-02-01","39","Weltita","Bad Bunny & Chuwi","LW","32","PEAK"
"440","2025-02-01","40","I Am Not Okay","Jelly Roll","LW","43","PEAK"
"441","2025-02-01","41","Liar","Jelly Roll","LW","52","PEAK"
"442","2025-02-01","42","Wildflower","Billie Eilish","LW","49","PEAK"
"443","2025-02-01","43","Loco","Neton Vega","LW","56","PEAK"
"444","2025-02-01","44","Perfumito Nuevo","Bad Bunny & RaiNao","LW","31","PEAK"
"445","2025-02-01","45","Please Please Please","Sabrina Carpenter","LW","47","PEAK"
"446","2025-02-01","46","Pink Pony Club","Chappell Roan","LW","55","PEAK"
"447","2025-02-01","47","Wind Up Missin' You","Tucker Wetmore","LW","44","PEAK"
"448","2025-02-01","48","I Never Lie","Zach Top","LW","53","PEAK"
"449","2025-02-01","49","Indigo","Sam Barber Featuring Avery Anna","LW","58","PEAK"
"450","2025-02-01","50","Kloufrens","Bad Bunny","LW","40","PEAK"
"451","2025-02-01","51","I'm Gonna Love You","Cody Johnson & Carrie Underwood","LW","60","PEAK"
"452","2025-02-01","52","4x4xU","Lainey Wilson","LW","63","PEAK"
"453","2025-02-01","53","Ketu Tecre","Bad Bunny","LW","38","PEAK"
"454","2025-02-01","54","Like Him","Tyler, The Creator Featuring Lola Young","LW","54","PEAK"
"455","2025-02-01","55","Que Pasaria...","Rauw Alejandro & Bad Bunny","LW","57","PEAK"
"456","2025-02-01","56","Denial Is A River","Doechii","LW","65","PEAK"
"457","2025-02-01","57","Bad Dreams","Teddy Swims","LW","64","PEAK"
"458","2025-02-01","58","Cafe Con Ron","Bad Bunny & Los Pleneros de La Cresta","LW","48","PEAK"
"459","2025-02-01","59","Bokete","Bad Bunny","LW","42","PEAK"
"460","2025-02-01","60","Tu Boda","Oscar Maydon & Fuerza Regida","LW","66","PEAK"
"461","2025-02-01","61","Turista","Bad Bunny","LW","45","PEAK"
"462","2025-02-01","62","Good News","Shaboozey","LW","67","PEAK"
"463","2025-02-01","63","Think I'm In Love With You","Chris Stapleton","LW","68","PEAK"
"464","2025-02-01","64","I Ain't Sayin'","Jordan Davis","LW","70","PEAK"
"465","2025-02-01","65","Pitorro de Coco","Bad Bunny","LW","50","PEAK"
"466","2025-02-01","66","La Mudanza","Bad Bunny","LW","51","PEAK"
"467","2025-02-01","67","Guy For That","Post Malone Featuring Luke Combs","LW","69","PEAK"
"468","2025-02-01","68","No Pole","Don Toliver","LW","72","PEAK"
"469","2025-02-01","69","Dum, Dumb, And Dumber","Lil Baby, Young Thug & Future","LW","61","PEAK"
"470","2025-02-01","70","Am I Okay?","Megan Moroney","LW","74","PEAK"
"471","2025-02-01","71","Diet Pepsi","Addison Rae","LW","80","PEAK"
"472","2025-02-01","72","Heart Of A Woman","Summer Walker","LW","77","PEAK"
"473","2025-02-01","73","Lo Que Le Paso A Hawaii","Bad Bunny","LW","62","PEAK"
"474","2025-02-01","74","Are You Even Real","Teddy Swims & GIVEON","LW","59","PEAK"
"475","2025-02-01","75","Help Me","Real Boston Richey","LW","78","PEAK"
"476","2025-02-01","76","Rosones","Tito Double P","LW","84","PEAK"
"477","2025-02-01","77","Funny Papers","Mac Miller","LW","-","PEAK"
"478","2025-02-01","78","Nadie","Tito Double P","LW","85","PEAK"
"479","2025-02-01","79","Peekaboo","Kendrick Lamar Featuring AzChike","LW","79","PEAK"
"480","2025-02-01","80","Defying Gravity","Cynthia Erivo Featuring Ariana Grande","LW","71","PEAK"
"481","2025-02-01","81","Dos Dias","Tito Double P & Peso Pluma","LW","87","PEAK"
"482","2025-02-01","82","The Largest","BigXthaPlug","LW","92","PEAK"
"483","2025-02-01","83","Burning Down","Alex Warren","LW","90","PEAK"
"484","2025-02-01","84","The Days","CHRYSTAL","LW","97","PEAK"
"485","2025-02-01","85","5 Dollar Pony Rides","Mac Miller","LW","-","PEAK"
"486","2025-02-01","86","Khe?","Rauw Alejandro & Romeo Santos","LW","86","PEAK"
"487","2025-02-01","87","It's Ok I'm Ok","Tate McRae","LW","73","PEAK"
"488","2025-02-01","88","Push 2 Start","Tyla","LW","-","PEAK"
"489","2025-02-01","89","Scorsese Baby Daddy","SZA","LW","75","PEAK"
"490","2025-02-01","90","Hey Now","Kendrick Lamar Featuring Dody6","LW","88","PEAK"
"491","2025-02-01","91","Boys Back Home","Dylan Marlowe & Dylan Scott","LW","82","PEAK"
"492","2025-02-01","92","GBP","Central Cee Featuring 21 Savage","LW","-","PEAK"
"493","2025-02-01","93","Forever Young","David Guetta, Alphaville & Ava Max","LW","99","PEAK"
"494","2025-02-01","94","Popular","Ariana Grande","LW","81","PEAK"
"495","2025-02-01","95","DJ's Chord Organ","Mac Miller Featuring SZA","LW","-","PEAK"
"496","2025-02-01","96","25","Rod Wave","LW","95","PEAK"
"497","2025-02-01","97","Stoned","Mac Miller","LW","-","PEAK"
"498","2025-02-01","98","Headlock","Imogen Heap","LW","100","PEAK"
"499","2025-02-01","99","Stuff","Lil Baby Featuring Travis Scott","LW","83","PEAK"
"500","2025-02-01","100RE-ENTRY","Wondering Why","The Red Clay Strays","LW","-","PEAK"
"501","2025-02-08","1","4X4","Travis Scott","LW","-","PEAK"
"502","2025-02-08","2","Die With A Smile","Lady Gaga & Bruno Mars","LW","1","PEAK"
"503","2025-02-08","3","APT.","ROSE & Bruno Mars","LW","3","PEAK"
"504","2025-02-08","4","Luther","Kendrick Lamar & SZA","LW","5","PEAK"
"505","2025-02-08","5","A Bar Song (Tipsy)","Shaboozey","LW","4","PEAK"
"506","2025-02-08","6","Lose Control","Teddy Swims","LW","7","PEAK"
"507","2025-02-08","7","Birds Of A Feather","Billie Eilish","LW","6","PEAK"
"508","2025-02-08","8","DTMF","Bad Bunny","LW","2","PEAK"
"509","2025-02-08","9","That's So True","Gracie Abrams","LW","8","PEAK"
"510","2025-02-08","10","Love Somebody","Morgan Wallen","LW","10","PEAK"
"511","2025-02-08","11","TV Off","Kendrick Lamar Featuring Lefty Gunplay","LW","13","PEAK"
"512","2025-02-08","12","I Had Some Help","Post Malone Featuring Morgan Wallen","LW","12","PEAK"
"513","2025-02-08","13","Espresso","Sabrina Carpenter","LW","11","PEAK"
"514","2025-02-08","14","Messy","Lola Young","LW","24","PEAK"
"515","2025-02-08","15","Beautiful Things","Benson Boone","LW","16","PEAK"
"516","2025-02-08","16","Baile Inolvidable","Bad Bunny","LW","9","PEAK"
"517","2025-02-08","17","Fat Juicy & Wet","Sexyy Red & Bruno Mars","LW","-","PEAK"
"518","2025-02-08","18","Timeless","The Weeknd & Playboi Carti","LW","17","PEAK"
"519","2025-02-08","19","Taste","Sabrina Carpenter","LW","14","PEAK"
"520","2025-02-08","20","30 For 30","SZA With Kendrick Lamar","LW","23","PEAK"
"521","2025-02-08","21","Sports Car","Tate McRae","LW","-","PEAK"
"522","2025-02-08","22","Smile","Morgan Wallen","LW","18","PEAK"
"523","2025-02-08","23","Squabble Up","Kendrick Lamar","LW","21","PEAK"
"524","2025-02-08","24","Too Sweet","Hozier","LW","20","PEAK"
"525","2025-02-08","25","Sticky","Tyler, The Creator Featuring GloRilla, Sexyy Red & Lil Wayne","LW","19","PEAK"
"526","2025-02-08","26","Stargazing","Myles Smith","LW","22","PEAK"
"527","2025-02-08","27","Nuevayol","Bad Bunny","LW","15","PEAK"
"528","2025-02-08","28","High Road","Koe Wetzel & Jessie Murph","LW","28","PEAK"
"529","2025-02-08","29","Not Like Us","Kendrick Lamar","LW","29","PEAK"
"530","2025-02-08","30","Good Luck, Babe!","Chappell Roan","LW","27","PEAK"
"531","2025-02-08","31","Who","Jimin","LW","25","PEAK"
"532","2025-02-08","32","BMF","SZA","LW","31","PEAK"
"533","2025-02-08","33","Whatchu Kno About Me","GloRilla & Sexyy Red","LW","32","PEAK"
"534","2025-02-08","34","Sailor Song","Gigi Perez","LW","33","PEAK"
"535","2025-02-08","35","Voy A Llevarte Pa PR","Bad Bunny","LW","26","PEAK"
"536","2025-02-08","36","Bed Chem","Sabrina Carpenter","LW","35","PEAK"
"537","2025-02-08","37","No One Noticed","The Marias","LW","37","PEAK"
"538","2025-02-08","38","Liar","Jelly Roll","LW","41","PEAK"
"539","2025-02-08","39","EOO","Bad Bunny","LW","30","PEAK"
"540","2025-02-08","40RE-ENTRY","Residuals","Chris Brown","LW","-","PEAK"
"541","2025-02-08","41","I Am Not Okay","Jelly Roll","LW","40","PEAK"
"542","2025-02-08","42","Bad Dreams","Teddy Swims","LW","57","PEAK"
"543","2025-02-08","43","Loco","Neton Vega","LW","43","PEAK"
"544","2025-02-08","44","I Never Lie","Zach Top","LW","48","PEAK"
"545","2025-02-08","45","Pink Pony Club","Chappell Roan","LW","46","PEAK"
"546","2025-02-08","46","Wildflower","Billie Eilish","LW","42","PEAK"
"547","2025-02-08","47","Velda","Bad Bunny, Omar Courtz & Dei V","LW","34","PEAK"
"548","2025-02-08","48","Tweaker","GELO","LW","38","PEAK"
"549","2025-02-08","49","Please Please Please","Sabrina Carpenter","LW","45","PEAK"
"550","2025-02-08","50","Indigo","Sam Barber Featuring Avery Anna","LW","49","PEAK"
"551","2025-02-08","51","El Club","Bad Bunny","LW","36","PEAK"
"552","2025-02-08","52","4x4xU","Lainey Wilson","LW","52","PEAK"
"553","2025-02-08","53","I'm Gonna Love You","Cody Johnson & Carrie Underwood","LW","51","PEAK"
"554","2025-02-08","54","Like Him","Tyler, The Creator Featuring Lola Young","LW","54","PEAK"
"555","2025-02-08","55","Denial Is A River","Doechii","LW","56","PEAK"
"556","2025-02-08","56","Weltita","Bad Bunny & Chuwi","LW","39","PEAK"
"557","2025-02-08","57","Good News","Shaboozey","LW","62","PEAK"
"558","2025-02-08","58","Haunted","Kane Brown With Jelly Roll","LW","-","PEAK"
"559","2025-02-08","59","I Ain't Sayin'","Jordan Davis","LW","64","PEAK"
"560","2025-02-08","60","Think I'm In Love With You","Chris Stapleton","LW","63","PEAK"
"561","2025-02-08","61","Que Pasaria...","Rauw Alejandro & Bad Bunny","LW","55","PEAK"
"562","2025-02-08","62","Perfumito Nuevo","Bad Bunny & RaiNao","LW","44","PEAK"
"563","2025-02-08","63","Are You Even Real","Teddy Swims & GIVEON","LW","74","PEAK"
"564","2025-02-08","64","Kloufrens","Bad Bunny","LW","50","PEAK"
"565","2025-02-08","65","Tu Boda","Oscar Maydon & Fuerza Regida","LW","60","PEAK"
"566","2025-02-08","66","Diet Pepsi","Addison Rae","LW","71","PEAK"
"567","2025-02-08","67","Guy For That","Post Malone Featuring Luke Combs","LW","67","PEAK"
"568","2025-02-08","68","Am I Okay?","Megan Moroney","LW","70","PEAK"
"569","2025-02-08","69","Ketu Tecre","Bad Bunny","LW","53","PEAK"
"570","2025-02-08","70","Heart Of A Woman","Summer Walker","LW","72","PEAK"
"571","2025-02-08","71","The Largest","BigXthaPlug","LW","82","PEAK"
"572","2025-02-08","72","No Pole","Don Toliver","LW","68","PEAK"
"573","2025-02-08","73","Blue Jean Baby","Zach Bryan","LW","-","PEAK"
"574","2025-02-08","74","It's Ok I'm Ok","Tate McRae","LW","87","PEAK"
"575","2025-02-08","75","Help Me","Real Boston Richey","LW","75","PEAK"
"576","2025-02-08","76","Peekaboo","Kendrick Lamar Featuring AzChike","LW","79","PEAK"
"577","2025-02-08","77","Dum, Dumb, And Dumber","Lil Baby, Young Thug & Future","LW","69","PEAK"
"578","2025-02-08","78","Cafe Con Ron","Bad Bunny & Los Pleneros de La Cresta","LW","58","PEAK"
"579","2025-02-08","79","Backseat Driver","Kane Brown","LW","-","PEAK"
"580","2025-02-08","80","Bokete","Bad Bunny","LW","59","PEAK"
"581","2025-02-08","81","GBP","Central Cee Featuring 21 Savage","LW","92","PEAK"
"582","2025-02-08","82","Turista","Bad Bunny","LW","61","PEAK"
"583","2025-02-08","83","The Days","CHRYSTAL","LW","84","PEAK"
"584","2025-02-08","84","Burning Down","Alex Warren","LW","83","PEAK"
"585","2025-02-08","85","Weren't For The Wind","Ella Langley","LW","-","PEAK"
"586","2025-02-08","86","Nadie","Tito Double P","LW","78","PEAK"
"587","2025-02-08","87","Rosones","Tito Double P","LW","76","PEAK"
"588","2025-02-08","88","Hey Now","Kendrick Lamar Featuring Dody6","LW","90","PEAK"
"589","2025-02-08","89","Push 2 Start","Tyla","LW","88","PEAK"
"590","2025-02-08","90","Forever Young","David Guetta, Alphaville & Ava Max","LW","93","PEAK"
"591","2025-02-08","91","Headlock","Imogen Heap","LW","98","PEAK"
"592","2025-02-08","92","La Mudanza","Bad Bunny","LW","66","PEAK"
"593","2025-02-08","93RE-ENTRY","Holy Smokes","Bailey Zimmerman","LW","-","PEAK"
"594","2025-02-08","94","Pitorro de Coco","Bad Bunny","LW","65","PEAK"
"595","2025-02-08","95","Defying Gravity","Cynthia Erivo Featuring Ariana Grande","LW","80","PEAK"
"596","2025-02-08","96","Khe?","Rauw Alejandro & Romeo Santos","LW","86","PEAK"
"597","2025-02-08","97","Me Jalo","Fuerza Regida & Grupo Frontera","LW","-","PEAK"
"598","2025-02-08","98","Wondering Why","The Red Clay Strays","LW","100","PEAK"
"599","2025-02-08","99","Boys Back Home","Dylan Marlowe & Dylan Scott","LW","91","PEAK"
"600","2025-02-08","100","Mutt","Leon Thomas","LW","-","PEAK"
"601","2025-02-15","1","Die With A Smile","Lady Gaga & Bruno Mars","LW","2","PEAK"
"602","2025-02-15","2","I'm The Problem","Morgan Wallen","LW","-","PEAK"
"603","2025-02-15","3","Luther","Kendrick Lamar & SZA","LW","4","PEAK"
"604","2025-02-15","4","Birds Of A Feather","Billie Eilish","LW","7","PEAK"
"605","2025-02-15","5","A Bar Song (Tipsy)","Shaboozey","LW","5","PEAK"
"606","2025-02-15","6","APT.","ROSE & Bruno Mars","LW","3","PEAK"
"607","2025-02-15","7","Timeless","The Weeknd & Playboi Carti","LW","18","PEAK"
"608","2025-02-15","8","Lose Control","Teddy Swims","LW","6","PEAK"
"609","2025-02-15","9","Beautiful Things","Benson Boone","LW","15","PEAK"
"610","2025-02-15","10","TV Off","Kendrick Lamar Featuring Lefty Gunplay","LW","11","PEAK"
"611","2025-02-15","11","Love Somebody","Morgan Wallen","LW","10","PEAK"
"612","2025-02-15","12","Cry For Me","The Weeknd","LW","-","PEAK"
"613","2025-02-15","13","That's So True","Gracie Abrams","LW","9","PEAK"
"614","2025-02-15","14","Espresso","Sabrina Carpenter","LW","13","PEAK"
"615","2025-02-15","15","Not Like Us","Kendrick Lamar","LW","29","PEAK"
"616","2025-02-15","16","I Had Some Help","Post Malone Featuring Morgan Wallen","LW","12","PEAK"
"617","2025-02-15","17","DTMF","Bad Bunny","LW","8","PEAK"
"618","2025-02-15","18","Pink Pony Club","Chappell Roan","LW","45","PEAK"
"619","2025-02-15","19","Messy","Lola Young","LW","14","PEAK"
"620","2025-02-15","20","Squabble Up","Kendrick Lamar","LW","23","PEAK"
"621","2025-02-15","21","Taste","Sabrina Carpenter","LW","19","PEAK"
"622","2025-02-15","22","30 For 30","SZA With Kendrick Lamar","LW","20","PEAK"
"623","2025-02-15","23","Good Luck, Babe!","Chappell Roan","LW","30","PEAK"
"624","2025-02-15","24","Too Sweet","Hozier","LW","24","PEAK"
"625","2025-02-15","25","Stargazing","Myles Smith","LW","26","PEAK"
"626","2025-02-15","26","Baile Inolvidable","Bad Bunny","LW","16","PEAK"
"627","2025-02-15","27","Denial Is A River","Doechii","LW","55","PEAK"
"628","2025-02-15","28","Sticky","Tyler, The Creator Featuring GloRilla, Sexyy Red & Lil Wayne","LW","25","PEAK"
"629","2025-02-15","29","Abracadabra","Lady Gaga","LW","-","PEAK"
"630","2025-02-15","30","Smile","Morgan Wallen","LW","22","PEAK"
"631","2025-02-15","31","High Road","Koe Wetzel & Jessie Murph","LW","28","PEAK"
"632","2025-02-15","32","Wildflower","Billie Eilish","LW","46","PEAK"
"633","2025-02-15","33","Sports Car","Tate McRae","LW","21","PEAK"
"634","2025-02-15","34","Fat Juicy & Wet","Sexyy Red & Bruno Mars","LW","17","PEAK"
"635","2025-02-15","35","Sailor Song","Gigi Perez","LW","34","PEAK"
"636","2025-02-15","36","Who","Jimin","LW","31","PEAK"
"637","2025-02-15","37","Nuevayol","Bad Bunny","LW","27","PEAK"
"638","2025-02-15","38","Bed Chem","Sabrina Carpenter","LW","36","PEAK"
"639","2025-02-15","39","Whatchu Kno About Me","GloRilla & Sexyy Red","LW","33","PEAK"
"640","2025-02-15","40","No One Noticed","The Marias","LW","37","PEAK"
"641","2025-02-15","41RE-ENTRY","Again","Fetty Wap","LW","-","PEAK"
"642","2025-02-15","42","BMF","SZA","LW","32","PEAK"
"643","2025-02-15","43RE-ENTRY","Sao Paulo","The Weeknd & Anitta","LW","-","PEAK"
"644","2025-02-15","44","Liar","Jelly Roll","LW","38","PEAK"
"645","2025-02-15","45","Wake Me Up","The Weeknd & Justice","LW","-","PEAK"
"646","2025-02-15","46","Baptized In Fear","The Weeknd","LW","-","PEAK"
"647","2025-02-15","47","Please Please Please","Sabrina Carpenter","LW","49","PEAK"
"648","2025-02-15","48","Open Hearts","The Weeknd","LW","-","PEAK"
"649","2025-02-15","49","Loco","Neton Vega","LW","43","PEAK"
"650","2025-02-15","50","I Never Lie","Zach Top","LW","44","PEAK"
"651","2025-02-15","51","Tweaker","GELO","LW","48","PEAK"
"652","2025-02-15","52","Residuals","Chris Brown","LW","40","PEAK"
"653","2025-02-15","53","Reflections Laughing","The Weeknd, Travis Scott & Florence + The Machine","LW","-","PEAK"
"654","2025-02-15","54","4x4xU","Lainey Wilson","LW","52","PEAK"
"655","2025-02-15","55","Voy A Llevarte Pa PR","Bad Bunny","LW","35","PEAK"
"656","2025-02-15","56","Indigo","Sam Barber Featuring Avery Anna","LW","50","PEAK"
"657","2025-02-15","57","4X4","Travis Scott","LW","1","PEAK"
"658","2025-02-15","58","I'm Gonna Love You","Cody Johnson & Carrie Underwood","LW","53","PEAK"
"659","2025-02-15","59","EOO","Bad Bunny","LW","39","PEAK"
"660","2025-02-15","60","Enjoy The Show","The Weeknd & Future","LW","-","PEAK"
"661","2025-02-15","61","Bad Dreams","Teddy Swims","LW","42","PEAK"
"662","2025-02-15","62","Like Him","Tyler, The Creator Featuring Lola Young","LW","54","PEAK"
"663","2025-02-15","63","Good News","Shaboozey","LW","57","PEAK"
"664","2025-02-15","64","Think I'm In Love With You","Chris Stapleton","LW","60","PEAK"
"665","2025-02-15","65","Niagara Falls","The Weeknd","LW","-","PEAK"
"666","2025-02-15","66","I Ain't Sayin'","Jordan Davis","LW","59","PEAK"
"667","2025-02-15","67","Velda","Bad Bunny, Omar Courtz & Dei V","LW","47","PEAK"
"668","2025-02-15","68","The Abyss","The Weeknd & Lana Del Rey","LW","-","PEAK"
"669","2025-02-15","69","Take Me Back To LA","The Weeknd","LW","-","PEAK"
"670","2025-02-15","70","El Club","Bad Bunny","LW","51","PEAK"
"671","2025-02-15","71","Given Up On Me","The Weeknd","LW","-","PEAK"
"672","2025-02-15","72","Am I Okay?","Megan Moroney","LW","68","PEAK"
"673","2025-02-15","73","Guy For That","Post Malone Featuring Luke Combs","LW","67","PEAK"
"674","2025-02-15","74","Opening Night","The Weeknd","LW","-","PEAK"
"675","2025-02-15","75","Diet Pepsi","Addison Rae","LW","66","PEAK"
"676","2025-02-15","76","Que Pasaria...","Rauw Alejandro & Bad Bunny","LW","61","PEAK"
"677","2025-02-15","77","Tu Boda","Oscar Maydon & Fuerza Regida","LW","65","PEAK"
"678","2025-02-15","78","Are You Even Real","Teddy Swims & GIVEON","LW","63","PEAK"
"679","2025-02-15","79","Heart Of A Woman","Summer Walker","LW","70","PEAK"
"680","2025-02-15","80","Blue Jean Baby","Zach Bryan","LW","73","PEAK"
"681","2025-02-15","81","Peekaboo","Kendrick Lamar Featuring AzChike","LW","76","PEAK"
"682","2025-02-15","82","I Can't Wait To Get There","The Weeknd","LW","-","PEAK"
"683","2025-02-15","83","The Largest","BigXthaPlug","LW","71","PEAK"
"684","2025-02-15","84","7 Dias","Gabito Ballesteros & Tito Double P","LW","-","PEAK"
"685","2025-02-15","85","Haunted","Kane Brown With Jelly Roll","LW","58","PEAK"
"686","2025-02-15","86","No Pole","Don Toliver","LW","72","PEAK"
"687","2025-02-15","87","Weltita","Bad Bunny & Chuwi","LW","56","PEAK"
"688","2025-02-15","88","Weren't For The Wind","Ella Langley","LW","85","PEAK"
"689","2025-02-15","89","Help Me","Real Boston Richey","LW","75","PEAK"
"690","2025-02-15","90","Headlock","Imogen Heap","LW","91","PEAK"
"691","2025-02-15","91","Hey Now","Kendrick Lamar Featuring Dody6","LW","88","PEAK"
"692","2025-02-15","92","Nissan Altima","Doechii","LW","-","PEAK"
"693","2025-02-15","93","Kloufrens","Bad Bunny","LW","64","PEAK"
"694","2025-02-15","94","Perfumito Nuevo","Bad Bunny & RaiNao","LW","62","PEAK"
"695","2025-02-15","95","The Days","CHRYSTAL","LW","83","PEAK"
"696","2025-02-15","96","Love Hangover","JENNIE & Dominic Fike","LW","-","PEAK"
"697","2025-02-15","97","Rosones","Tito Double P","LW","87","PEAK"
"698","2025-02-15","98","Nadie","Tito Double P","LW","86","PEAK"
"699","2025-02-15","99","Forever Young","David Guetta, Alphaville & Ava Max","LW","90","PEAK"
"700","2025-02-15","100RE-ENTRY","Worst Way","Riley Green","LW","-","PEAK"
"701","2025-02-22","1","Not Like Us","Kendrick Lamar","LW","15","PEAK"
"702","2025-02-22","2","Luther","Kendrick Lamar & SZA","LW","3","PEAK"
"703","2025-02-22","3","TV Off","Kendrick Lamar Featuring Lefty Gunplay","LW","10","PEAK"
"704","2025-02-22","4","Die With A Smile","Lady Gaga & Bruno Mars","LW","1","PEAK"
"705","2025-02-22","5","Squabble Up","Kendrick Lamar","LW","20","PEAK"
"706","2025-02-22","6","Birds Of A Feather","Billie Eilish","LW","4","PEAK"
"707","2025-02-22","7","APT.","ROSE & Bruno Mars","LW","6","PEAK"
"708","2025-02-22","8","A Bar Song (Tipsy)","Shaboozey","LW","5","PEAK"
"709","2025-02-22","9","Pink Pony Club","Chappell Roan","LW","18","PEAK"
"710","2025-02-22","10","30 For 30","SZA With Kendrick Lamar","LW","22","PEAK"
"711","2025-02-22","11","Beautiful Things","Benson Boone","LW","9","PEAK"
"712","2025-02-22","12","Lose Control","Teddy Swims","LW","8","PEAK"
"713","2025-02-22","13","Abracadabra","Lady Gaga","LW","29","PEAK"
"714","2025-02-22","14RE-ENTRY","All The Stars","Kendrick Lamar & SZA","LW","-","PEAK"
"715","2025-02-22","15","That's So True","Gracie Abrams","LW","13","PEAK"
"716","2025-02-22","16","Timeless","The Weeknd & Playboi Carti","LW","7","PEAK"
"717","2025-02-22","17","Love Somebody","Morgan Wallen","LW","11","PEAK"
"718","2025-02-22","18","Espresso","Sabrina Carpenter","LW","14","PEAK"
"719","2025-02-22","19","I'm The Problem","Morgan Wallen","LW","2","PEAK"
"720","2025-02-22","20","I Had Some Help","Post Malone Featuring Morgan Wallen","LW","16","PEAK"
"721","2025-02-22","21","Denial Is A River","Doechii","LW","27","PEAK"
"722","2025-02-22","22","Messy","Lola Young","LW","19","PEAK"
"723","2025-02-22","23","Good Luck, Babe!","Chappell Roan","LW","23","PEAK"
"724","2025-02-22","24","Taste","Sabrina Carpenter","LW","21","PEAK"
"725","2025-02-22","25","DTMF","Bad Bunny","LW","17","PEAK"
"726","2025-02-22","26","Too Sweet","Hozier","LW","24","PEAK"
"727","2025-02-22","27","Cry For Me","The Weeknd","LW","12","PEAK"
"728","2025-02-22","28","Peekaboo","Kendrick Lamar Featuring AzChike","LW","81","PEAK"
"729","2025-02-22","29","Wildflower","Billie Eilish","LW","32","PEAK"
"730","2025-02-22","30","Stargazing","Myles Smith","LW","25","PEAK"
"731","2025-02-22","31","Tweaker","GELO","LW","51","PEAK"
"732","2025-02-22","32","Sticky","Tyler, The Creator Featuring GloRilla, Sexyy Red & Lil Wayne","LW","28","PEAK"
"733","2025-02-22","33RE-ENTRY","Humble.","Kendrick Lamar","LW","-","PEAK"
"734","2025-02-22","34","BMF","SZA","LW","42","PEAK"
"735","2025-02-22","35","High Road","Koe Wetzel & Jessie Murph","LW","31","PEAK"
"736","2025-02-22","36","Baile Inolvidable","Bad Bunny","LW","26","PEAK"
"737","2025-02-22","37","Sailor Song","Gigi Perez","LW","35","PEAK"
"738","2025-02-22","38","Smile","Morgan Wallen","LW","30","PEAK"
"739","2025-02-22","39","Bed Chem","Sabrina Carpenter","LW","38","PEAK"
"740","2025-02-22","40","Who","Jimin","LW","36","PEAK"
"741","2025-02-22","41","Sports Car","Tate McRae","LW","33","PEAK"
"742","2025-02-22","42","Liar","Jelly Roll","LW","44","PEAK"
"743","2025-02-22","43","No One Noticed","The Marias","LW","40","PEAK"
"744","2025-02-22","44","Whatchu Kno About Me","GloRilla & Sexyy Red","LW","39","PEAK"
"745","2025-02-22","45RE-ENTRY","Like That","Future, Metro Boomin & Kendrick Lamar","LW","-","PEAK"
"746","2025-02-22","46","Fat Juicy & Wet","Sexyy Red & Bruno Mars","LW","34","PEAK"
"747","2025-02-22","47","Please Please Please","Sabrina Carpenter","LW","47","PEAK"
"748","2025-02-22","48","Nuevayol","Bad Bunny","LW","37","PEAK"
"749","2025-02-22","49","I Never Lie","Zach Top","LW","50","PEAK"
"750","2025-02-22","50","4x4xU","Lainey Wilson","LW","54","PEAK"
"751","2025-02-22","51","I'm Gonna Love You","Cody Johnson & Carrie Underwood","LW","58","PEAK"
"752","2025-02-22","52","Loco","Neton Vega","LW","49","PEAK"
"753","2025-02-22","53","Indigo","Sam Barber Featuring Avery Anna","LW","56","PEAK"
"754","2025-02-22","54","Residuals","Chris Brown","LW","52","PEAK"
"755","2025-02-22","55","Twenties","Giveon","LW","-","PEAK"
"756","2025-02-22","56","Hey Now","Kendrick Lamar Featuring Dody6","LW","91","PEAK"
"757","2025-02-22","57","Good News","Shaboozey","LW","63","PEAK"
"758","2025-02-22","58","Like Him","Tyler, The Creator Featuring Lola Young","LW","62","PEAK"
"759","2025-02-22","59","Bad Dreams","Teddy Swims","LW","61","PEAK"
"760","2025-02-22","60","Voy A Llevarte Pa PR","Bad Bunny","LW","55","PEAK"
"761","2025-02-22","61","Ordinary","Alex Warren","LW","-","PEAK"
"762","2025-02-22","62","I Ain't Sayin'","Jordan Davis","LW","66","PEAK"
"763","2025-02-22","63RE-ENTRY","Hard Fought Hallelujah","Brandon Lake X Jelly Roll","LW","-","PEAK"
"764","2025-02-22","64","4X4","Travis Scott","LW","57","PEAK"
"765","2025-02-22","65","EOO","Bad Bunny","LW","59","PEAK"
"766","2025-02-22","66","Am I Okay?","Megan Moroney","LW","72","PEAK"
"767","2025-02-22","67","Guy For That","Post Malone Featuring Luke Combs","LW","73","PEAK"
"768","2025-02-22","68","Born Again","LISA Featuring Doja Cat & RAYE","LW","-","PEAK"
"769","2025-02-22","69","Que Pasaria...","Rauw Alejandro & Bad Bunny","LW","76","PEAK"
"770","2025-02-22","70","Velda","Bad Bunny, Omar Courtz & Dei V","LW","67","PEAK"
"771","2025-02-22","71","Heart Of A Woman","Summer Walker","LW","79","PEAK"
"772","2025-02-22","72","Diet Pepsi","Addison Rae","LW","75","PEAK"
"773","2025-02-22","73","Nissan Altima","Doechii","LW","92","PEAK"
"774","2025-02-22","74","Sao Paulo","The Weeknd & Anitta","LW","43","PEAK"
"775","2025-02-22","75","Tu Boda","Oscar Maydon & Fuerza Regida","LW","77","PEAK"
"776","2025-02-22","76RE-ENTRY","Burning Down","Alex Warren","LW","-","PEAK"
"777","2025-02-22","77RE-ENTRY","Wacced Out Murals","Kendrick Lamar","LW","-","PEAK"
"778","2025-02-22","78","The Largest","BigXthaPlug","LW","83","PEAK"
"779","2025-02-22","79","No Pole","Don Toliver","LW","86","PEAK"
"780","2025-02-22","80RE-ENTRY","Euphoria","Kendrick Lamar","LW","-","PEAK"
"781","2025-02-22","81RE-ENTRY","Dodger Blue","Kendrick Lamar Featuring Wallie the Sensei, Siete7x & Roddy Ricch","LW","-","PEAK"
"782","2025-02-22","82","El Club","Bad Bunny","LW","70","PEAK"
"783","2025-02-22","83","Headlock","Imogen Heap","LW","90","PEAK"
"784","2025-02-22","84RE-ENTRY","Backseat Driver","Kane Brown","LW","-","PEAK"
"785","2025-02-22","85","Are You Even Real","Teddy Swims & GIVEON","LW","78","PEAK"
"786","2025-02-22","86","Baptized In Fear","The Weeknd","LW","46","PEAK"
"787","2025-02-22","87","Worst Way","Riley Green","LW","100","PEAK"
"788","2025-02-22","88RE-ENTRY","Guess","Charli xcx Featuring Billie Eilish","LW","-","PEAK"
"789","2025-02-22","89RE-ENTRY","Khe?","Rauw Alejandro & Romeo Santos","LW","-","PEAK"
"790","2025-02-22","90RE-ENTRY","Mutt","Leon Thomas","LW","-","PEAK"
"791","2025-02-22","91","Nadie","Tito Double P","LW","98","PEAK"
"792","2025-02-22","92","Forever Young","David Guetta, Alphaville & Ava Max","LW","99","PEAK"
"793","2025-02-22","93RE-ENTRY","The Greatest","Billie Eilish","LW","-","PEAK"
"794","2025-02-22","94","Open Hearts","The Weeknd","LW","48","PEAK"
"795","2025-02-22","95","Haunted","Kane Brown With Jelly Roll","LW","85","PEAK"
"796","2025-02-22","96RE-ENTRY","Push 2 Start","Tyla","LW","-","PEAK"
"797","2025-02-22","97","Rosones","Tito Double P","LW","97","PEAK"
"798","2025-02-22","98","Weren't For The Wind","Ella Langley","LW","88","PEAK"
"799","2025-02-22","99","The Days","CHRYSTAL","LW","95","PEAK"
"800","2025-02-22","100","Weltita","Bad Bunny & Chuwi","LW","87","PEAK"
"801","2025-03-01","1","Luther","Kendrick Lamar & SZA","LW","2","PEAK"
"802","2025-03-01","2","Not Like Us","Kendrick Lamar","LW","1","PEAK"
"803","2025-03-01","3","Die With A Smile","Lady Gaga & Bruno Mars","LW","4","PEAK"
"804","2025-03-01","4","TV Off","Kendrick Lamar Featuring Lefty Gunplay","LW","3","PEAK"
"805","2025-03-01","5","Squabble Up","Kendrick Lamar","LW","5","PEAK"
"806","2025-03-01","6","Gimme A Hug","Drake","LW","-","PEAK"
"807","2025-03-01","7","APT.","ROSE & Bruno Mars","LW","7","PEAK"
"808","2025-03-01","8","Birds Of A Feather","Billie Eilish","LW","6","PEAK"
"809","2025-03-01","9","A Bar Song (Tipsy)","Shaboozey","LW","8","PEAK"
"810","2025-03-01","10","Nokia","Drake","LW","-","PEAK"
"811","2025-03-01","11","Pink Pony Club","Chappell Roan","LW","9","PEAK"
"812","2025-03-01","12","Lose Control","Teddy Swims","LW","12","PEAK"
"813","2025-03-01","13","Beautiful Things","Benson Boone","LW","11","PEAK"
"814","2025-03-01","14","30 For 30","SZA With Kendrick Lamar","LW","10","PEAK"
"815","2025-03-01","15","All The Stars","Kendrick Lamar & SZA","LW","14","PEAK"
"816","2025-03-01","16","That's So True","Gracie Abrams","LW","15","PEAK"
"817","2025-03-01","17","Espresso","Sabrina Carpenter","LW","18","PEAK"
"818","2025-03-01","18","CN Tower","PARTYNEXTDOOR & Drake","LW","-","PEAK"
"819","2025-03-01","19","Love Somebody","Morgan Wallen","LW","17","PEAK"
"820","2025-03-01","20","I Had Some Help","Post Malone Featuring Morgan Wallen","LW","20","PEAK"
"821","2025-03-01","21","Die Trying","PARTYNEXTDOOR, Drake & Yebba","LW","-","PEAK"
"822","2025-03-01","22","Taste","Sabrina Carpenter","LW","24","PEAK"
"823","2025-03-01","23","I'm The Problem","Morgan Wallen","LW","19","PEAK"
"824","2025-03-01","24","Timeless","The Weeknd & Playboi Carti","LW","16","PEAK"
"825","2025-03-01","25","Please Please Please","Sabrina Carpenter","LW","47","PEAK"
"826","2025-03-01","26","Something About You","PARTYNEXTDOOR & Drake","LW","-","PEAK"
"827","2025-03-01","27","Busy Woman","Sabrina Carpenter","LW","-","PEAK"
"828","2025-03-01","28","Messy","Lola Young","LW","22","PEAK"
"829","2025-03-01","29","Moth Balls","PARTYNEXTDOOR & Drake","LW","-","PEAK"
"830","2025-03-01","30","Somebody Loves Me","PARTYNEXTDOOR, Drake & Cash Cobain","LW","-","PEAK"
"831","2025-03-01","31","Deeper","PARTYNEXTDOOR","LW","-","PEAK"
"832","2025-03-01","32","Denial Is A River","Doechii","LW","21","PEAK"
"833","2025-03-01","33","Abracadabra","Lady Gaga","LW","13","PEAK"
"834","2025-03-01","34","Too Sweet","Hozier","LW","26","PEAK"
"835","2025-03-01","35","Spider-Man Superman","PARTYNEXTDOOR & Drake","LW","-","PEAK"
"836","2025-03-01","36","Good Luck, Babe!","Chappell Roan","LW","23","PEAK"
"837","2025-03-01","37","Crying In Chanel","Drake","LW","-","PEAK"
"838","2025-03-01","38","Peekaboo","Kendrick Lamar Featuring AzChike","LW","28","PEAK"
"839","2025-03-01","39","Bed Chem","Sabrina Carpenter","LW","39","PEAK"
"840","2025-03-01","40","Small Town Fame","Drake","LW","-","PEAK"
"841","2025-03-01","41","Stargazing","Myles Smith","LW","30","PEAK"
"842","2025-03-01","42","DTMF","Bad Bunny","LW","25","PEAK"
"843","2025-03-01","43","Raining In Houston","Drake","LW","-","PEAK"
"844","2025-03-01","44","Who","Jimin","LW","40","PEAK"
"845","2025-03-01","45","Pimmie's Dilemma","Pimmie, PARTYNEXTDOOR & Drake","LW","-","PEAK"
"846","2025-03-01","46","High Road","Koe Wetzel & Jessie Murph","LW","35","PEAK"
"847","2025-03-01","47","Brian Steel","Drake","LW","-","PEAK"
"848","2025-03-01","48","Wildflower","Billie Eilish","LW","29","PEAK"
"849","2025-03-01","49","BMF","SZA","LW","34","PEAK"
"850","2025-03-01","50","Baile Inolvidable","Bad Bunny","LW","36","PEAK"
"851","2025-03-01","51","Liar","Jelly Roll","LW","42","PEAK"
"852","2025-03-01","52","Sticky","Tyler, The Creator Featuring GloRilla, Sexyy Red & Lil Wayne","LW","32","PEAK"
"853","2025-03-01","53","Sailor Song","Gigi Perez","LW","37","PEAK"
"854","2025-03-01","54","Cry For Me","The Weeknd","LW","27","PEAK"
"855","2025-03-01","55","No One Noticed","The Marias","LW","43","PEAK"
"856","2025-03-01","56","Whatchu Kno About Me","GloRilla & Sexyy Red","LW","44","PEAK"
"857","2025-03-01","57","Sports Car","Tate McRae","LW","41","PEAK"
"858","2025-03-01","58","Smile","Morgan Wallen","LW","38","PEAK"
"859","2025-03-01","59","Tweaker","GELO","LW","31","PEAK"
"860","2025-03-01","60","Lasers","PARTYNEXTDOOR & Drake","LW","-","PEAK"
"861","2025-03-01","61","I Never Lie","Zach Top","LW","49","PEAK"
"862","2025-03-01","62","I'm Gonna Love You","Cody Johnson & Carrie Underwood","LW","51","PEAK"
"863","2025-03-01","63","Meet Your Padre","PARTYNEXTDOOR, Drake & Chino Pacas","LW","-","PEAK"
"864","2025-03-01","64","Residuals","Chris Brown","LW","54","PEAK"
"865","2025-03-01","65","Indigo","Sam Barber Featuring Avery Anna","LW","53","PEAK"
"866","2025-03-01","66","Celibacy","PARTYNEXTDOOR & Drake","LW","-","PEAK"
"867","2025-03-01","67","15 Minutes","Sabrina Carpenter","LW","-","PEAK"
"868","2025-03-01","68","4x4xU","Lainey Wilson","LW","50","PEAK"
"869","2025-03-01","69","Bad Dreams","Teddy Swims","LW","59","PEAK"
"870","2025-03-01","70","Greedy","PARTYNEXTDOOR & Drake","LW","-","PEAK"
"871","2025-03-01","71","Fat Juicy & Wet","Sexyy Red & Bruno Mars","LW","46","PEAK"
"872","2025-03-01","72","Nuevayol","Bad Bunny","LW","48","PEAK"
"873","2025-03-01","73","When He's Gone","PARTYNEXTDOOR & Drake","LW","-","PEAK"
"874","2025-03-01","74","OMW","PARTYNEXTDOOR & Drake","LW","-","PEAK"
"875","2025-03-01","75","Good News","Shaboozey","LW","57","PEAK"
"876","2025-03-01","76","Like Him","Tyler, The Creator Featuring Lola Young","LW","58","PEAK"
"877","2025-03-01","77","Loco","Neton Vega","LW","52","PEAK"
"878","2025-03-01","78","Worst Way","Riley Green","LW","87","PEAK"
"879","2025-03-01","79","I Ain't Sayin'","Jordan Davis","LW","62","PEAK"
"880","2025-03-01","80","Ordinary","Alex Warren","LW","61","PEAK"
"881","2025-03-01","81","Hey Now","Kendrick Lamar Featuring Dody6","LW","56","PEAK"
"882","2025-03-01","82","Guy For That","Post Malone Featuring Luke Combs","LW","67","PEAK"
"883","2025-03-01","83","Glorious","PARTYNEXTDOOR & Drake","LW","-","PEAK"
"884","2025-03-01","84","Couldn't Make It Any Harder","Sabrina Carpenter","LW","-","PEAK"
"885","2025-03-01","85","Por Esos Ojos","Fuerza Regida","LW","-","PEAK"
"886","2025-03-01","86","Voy A Llevarte Pa PR","Bad Bunny","LW","60","PEAK"
"887","2025-03-01","87","Bad Reviews","Sabrina Carpenter","LW","-","PEAK"
"888","2025-03-01","88","Am I Okay?","Megan Moroney","LW","66","PEAK"
"889","2025-03-01","89","Heart Of A Woman","Summer Walker","LW","71","PEAK"
"890","2025-03-01","90","Twenties","Giveon","LW","55","PEAK"
"891","2025-03-01","91","EOO","Bad Bunny","LW","65","PEAK"
"892","2025-03-01","92","Push 2 Start","Tyla","LW","96","PEAK"
"893","2025-03-01","93","Que Pasaria...","Rauw Alejandro & Bad Bunny","LW","69","PEAK"
"894","2025-03-01","94","The Largest","BigXthaPlug","LW","78","PEAK"
"895","2025-03-01","95","Tu Boda","Oscar Maydon & Fuerza Regida","LW","75","PEAK"
"896","2025-03-01","96","4X4","Travis Scott","LW","64","PEAK"
"897","2025-03-01","97","Mutt","Leon Thomas","LW","90","PEAK"
"898","2025-03-01","98","No Pole","Don Toliver","LW","79","PEAK"
"899","2025-03-01","99","Velda","Bad Bunny, Omar Courtz & Dei V","LW","70","PEAK"
"900","2025-03-01","100RE-ENTRY","Juno","Sabrina Carpenter","LW","-","PEAK"
"901","2025-03-08","1","Luther","Kendrick Lamar & SZA","LW","1","PEAK"
"902","2025-03-08","2","Die With A Smile","Lady Gaga & Bruno Mars","LW","3","PEAK"
"903","2025-03-08","3","Not Like Us","Kendrick Lamar","LW","2","PEAK"
"904","2025-03-08","4","TV Off","Kendrick Lamar Featuring Lefty Gunplay","LW","4","PEAK"
"905","2025-03-08","5","A Bar Song (Tipsy)","Shaboozey","LW","9","PEAK"
"906","2025-03-08","6","APT.","ROSE & Bruno Mars","LW","7","PEAK"
"907","2025-03-08","7","Birds Of A Feather","Billie Eilish","LW","8","PEAK"
"908","2025-03-08","8","Pink Pony Club","Chappell Roan","LW","11","PEAK"
"909","2025-03-08","9","Lose Control","Teddy Swims","LW","12","PEAK"
"910","2025-03-08","10","Squabble Up","Kendrick Lamar","LW","5","PEAK"
"911","2025-03-08","11","Nokia","Drake","LW","10","PEAK"
"912","2025-03-08","12","Beautiful Things","Benson Boone","LW","13","PEAK"
"913","2025-03-08","13","That's So True","Gracie Abrams","LW","16","PEAK"
"914","2025-03-08","14","Love Somebody","Morgan Wallen","LW","19","PEAK"
"915","2025-03-08","15","30 For 30","SZA With Kendrick Lamar","LW","14","PEAK"
"916","2025-03-08","16","Sports Car","Tate McRae","LW","57","PEAK"
"917","2025-03-08","17","I Had Some Help","Post Malone Featuring Morgan Wallen","LW","20","PEAK"
"918","2025-03-08","18","Espresso","Sabrina Carpenter","LW","17","PEAK"
"919","2025-03-08","19","I'm The Problem","Morgan Wallen","LW","23","PEAK"
"920","2025-03-08","20","Timeless","The Weeknd & Playboi Carti","LW","24","PEAK"
"921","2025-03-08","21","Messy","Lola Young","LW","28","PEAK"
"922","2025-03-08","22","Revolving Door","Tate McRae","LW","-","PEAK"
"923","2025-03-08","23","All The Stars","Kendrick Lamar & SZA","LW","15","PEAK"
"924","2025-03-08","24","Taste","Sabrina Carpenter","LW","22","PEAK"
"925","2025-03-08","25","Denial Is A River","Doechii","LW","32","PEAK"
"926","2025-03-08","26","Too Sweet","Hozier","LW","34","PEAK"
"927","2025-03-08","27","Good Luck, Babe!","Chappell Roan","LW","36","PEAK"
"928","2025-03-08","28","Gimme A Hug","Drake","LW","6","PEAK"
"929","2025-03-08","29","Die Trying","PARTYNEXTDOOR, Drake & Yebba","LW","21","PEAK"
"930","2025-03-08","30","DTMF","Bad Bunny","LW","42","PEAK"
"931","2025-03-08","31","Abracadabra","Lady Gaga","LW","33","PEAK"
"932","2025-03-08","32","Stargazing","Myles Smith","LW","41","PEAK"
"933","2025-03-08","33","Who","Jimin","LW","44","PEAK"
"934","2025-03-08","34","Bed Chem","Sabrina Carpenter","LW","39","PEAK"
"935","2025-03-08","35","Liar","Jelly Roll","LW","51","PEAK"
"936","2025-03-08","36","Please Please Please","Sabrina Carpenter","LW","25","PEAK"
"937","2025-03-08","37","Peekaboo","Kendrick Lamar Featuring AzChike","LW","38","PEAK"
"938","2025-03-08","38","Sailor Song","Gigi Perez","LW","53","PEAK"
"939","2025-03-08","39","Baile Inolvidable","Bad Bunny","LW","50","PEAK"
"940","2025-03-08","40","High Road","Koe Wetzel & Jessie Murph","LW","46","PEAK"
"941","2025-03-08","41","No One Noticed","The Marias","LW","55","PEAK"
"942","2025-03-08","42","BMF","SZA","LW","49","PEAK"
"943","2025-03-08","43","I Know Love","Tate McRae Featauring The Kid Laroi","LW","-","PEAK"
"944","2025-03-08","44","Dear God","Tate McRae","LW","-","PEAK"
"945","2025-03-08","45","Wildflower","Billie Eilish","LW","48","PEAK"
"946","2025-03-08","46","I Never Lie","Zach Top","LW","61","PEAK"
"947","2025-03-08","47","Sticky","Tyler, The Creator Featuring GloRilla, Sexyy Red & Lil Wayne","LW","52","PEAK"
"948","2025-03-08","48","Smile","Morgan Wallen","LW","58","PEAK"
"949","2025-03-08","49","Whatchu Kno About Me","GloRilla & Sexyy Red","LW","56","PEAK"
"950","2025-03-08","50","Cry For Me","The Weeknd","LW","54","PEAK"
"951","2025-03-08","51","I'm Gonna Love You","Cody Johnson & Carrie Underwood","LW","62","PEAK"
"952","2025-03-08","52","Busy Woman","Sabrina Carpenter","LW","27","PEAK"
"953","2025-03-08","53","Purple Lace Bra","Tate McRae","LW","-","PEAK"
"954","2025-03-08","54","Miss Possessive","Tate McRae","LW","-","PEAK"
"955","2025-03-08","55","Indigo","Sam Barber Featuring Avery Anna","LW","65","PEAK"
"956","2025-03-08","56","Residuals","Chris Brown","LW","64","PEAK"
"957","2025-03-08","57","Tweaker","GELO","LW","59","PEAK"
"958","2025-03-08","58","Call Me When You Break Up","Selena Gomez, Benny Blanco & Gracie Abrams","LW","-","PEAK"
"959","2025-03-08","59","Worst Way","Riley Green","LW","78","PEAK"
"960","2025-03-08","60","CN Tower","PARTYNEXTDOOR & Drake","LW","18","PEAK"
"961","2025-03-08","61","Somebody Loves Me","PARTYNEXTDOOR, Drake & Cash Cobain","LW","30","PEAK"
"962","2025-03-08","62","Bad Dreams","Teddy Swims","LW","69","PEAK"
"963","2025-03-08","63","Good News","Shaboozey","LW","75","PEAK"
"964","2025-03-08","64","bloodonmyhands","Tate McRae Featuring Flo Milli","LW","-","PEAK"
"965","2025-03-08","65","I Ain't Sayin'","Jordan Davis","LW","79","PEAK"
"966","2025-03-08","66","Loco","Neton Vega","LW","77","PEAK"
"967","2025-03-08","67","Mutt","Leon Thomas","LW","97","PEAK"
"968","2025-03-08","68","Nuevayol","Bad Bunny","LW","72","PEAK"
"969","2025-03-08","69","cLOUDs","J. Cole","LW","-","PEAK"
"970","2025-03-08","70","Fat Juicy & Wet","Sexyy Red & Bruno Mars","LW","71","PEAK"
"971","2025-03-08","71","Ordinary","Alex Warren","LW","80","PEAK"
"972","2025-03-08","72","Something About You","PARTYNEXTDOOR & Drake","LW","26","PEAK"
"973","2025-03-08","73","Like Him","Tyler, The Creator Featuring Lola Young","LW","76","PEAK"
"974","2025-03-08","74","Signs","Tate McRae","LW","-","PEAK"
"975","2025-03-08","75","ExtraL","JENNIE & Doechii","LW","-","PEAK"
"976","2025-03-08","76RE-ENTRY","2 Hands","Tate McRae","LW","-","PEAK"
"977","2025-03-08","77","4x4xU","Lainey Wilson","LW","68","PEAK"
"978","2025-03-08","78","Deeper","PARTYNEXTDOOR","LW","31","PEAK"
"979","2025-03-08","79","Am I Okay?","Megan Moroney","LW","88","PEAK"
"980","2025-03-08","80","Heart Of A Woman","Summer Walker","LW","89","PEAK"
"981","2025-03-08","81RE-ENTRY","Me Jalo","Fuerza Regida & Grupo Frontera","LW","-","PEAK"
"982","2025-03-08","82RE-ENTRY","Headlock","Imogen Heap","LW","-","PEAK"
"983","2025-03-08","83","LV Bag","Don Toliver, J-Hope, Pharrell Williams & Speedy","LW","-","PEAK"
"984","2025-03-08","84","Voy A Llevarte Pa PR","Bad Bunny","LW","86","PEAK"
"985","2025-03-08","85","Por Esos Ojos","Fuerza Regida","LW","85","PEAK"
"986","2025-03-08","86","Moth Balls","PARTYNEXTDOOR & Drake","LW","29","PEAK"
"987","2025-03-08","87","Raining In Houston","Drake","LW","43","PEAK"
"988","2025-03-08","88","The Largest","BigXthaPlug","LW","94","PEAK"
"989","2025-03-08","89","Little Things","Ella Mai","LW","-","PEAK"
"990","2025-03-08","90","Like I Do","Tate McRae","LW","-","PEAK"
"991","2025-03-08","91","Spider-Man Superman","PARTYNEXTDOOR & Drake","LW","35","PEAK"
"992","2025-03-08","92","EOO","Bad Bunny","LW","91","PEAK"
"993","2025-03-08","93RE-ENTRY","Backseat Driver","Kane Brown","LW","-","PEAK"
"994","2025-03-08","94","Pimmie's Dilemma","Pimmie, PARTYNEXTDOOR & Drake","LW","45","PEAK"
"995","2025-03-08","95","Hey Now","Kendrick Lamar Featuring Dody6","LW","81","PEAK"
"996","2025-03-08","96","No Pole","Don Toliver","LW","98","PEAK"
"997","2025-03-08","97","Small Town Fame","Drake","LW","40","PEAK"
"998","2025-03-08","98","Que Pasaria...","Rauw Alejandro & Bad Bunny","LW","93","PEAK"
"999","2025-03-08","99","Greenlight","Tate McRae","LW","-","PEAK"
"1000","2025-03-08","100RE-ENTRY","Weren't For The Wind","Ella Langley","LW","-","PEAK"
"1001","2025-03-15","1","Luther","Kendrick Lamar & SZA","LW","1","PEAK"
"1002","2025-03-15","2","Die With A Smile","Lady Gaga & Bruno Mars","LW","2","PEAK"
"1003","2025-03-15","3","Not Like Us","Kendrick Lamar","LW","3","PEAK"
"1004","2025-03-15","4","TV Off","Kendrick Lamar Featuring Lefty Gunplay","LW","4","PEAK"
"1005","2025-03-15","5","A Bar Song (Tipsy)","Shaboozey","LW","5","PEAK"
"1006","2025-03-15","6","APT.","ROSE & Bruno Mars","LW","6","PEAK"
"1007","2025-03-15","7","Birds Of A Feather","Billie Eilish","LW","7","PEAK"
"1008","2025-03-15","8","Pink Pony Club","Chappell Roan","LW","8","PEAK"
"1009","2025-03-15","9","Lose Control","Teddy Swims","LW","9","PEAK"
"1010","2025-03-15","10","Nokia","Drake","LW","11","PEAK"
"1011","2025-03-15","11","That's So True","Gracie Abrams","LW","13","PEAK"
"1012","2025-03-15","12","Beautiful Things","Benson Boone","LW","12","PEAK"
"1013","2025-03-15","13","Love Somebody","Morgan Wallen","LW","14","PEAK"
"1014","2025-03-15","14","Squabble Up","Kendrick Lamar","LW","10","PEAK"
"1015","2025-03-15","15","I Had Some Help","Post Malone Featuring Morgan Wallen","LW","17","PEAK"
"1016","2025-03-15","16","30 For 30","SZA With Kendrick Lamar","LW","15","PEAK"
"1017","2025-03-15","17","I'm The Problem","Morgan Wallen","LW","19","PEAK"
"1018","2025-03-15","18","Espresso","Sabrina Carpenter","LW","18","PEAK"
"1019","2025-03-15","19","Timeless","The Weeknd & Playboi Carti","LW","20","PEAK"
"1020","2025-03-15","20","Messy","Lola Young","LW","21","PEAK"
"1021","2025-03-15","21","Sports Car","Tate McRae","LW","16","PEAK"
"1022","2025-03-15","22","Denial Is A River","Doechii","LW","25","PEAK"
"1023","2025-03-15","23","Taste","Sabrina Carpenter","LW","24","PEAK"
"1024","2025-03-15","24","Too Sweet","Hozier","LW","26","PEAK"
"1025","2025-03-15","25","Revolving Door","Tate McRae","LW","22","PEAK"
"1026","2025-03-15","26","All The Stars","Kendrick Lamar & SZA","LW","23","PEAK"
"1027","2025-03-15","27","Good Luck, Babe!","Chappell Roan","LW","27","PEAK"
"1028","2025-03-15","28","Stargazing","Myles Smith","LW","32","PEAK"
"1029","2025-03-15","29","Abracadabra","Lady Gaga","LW","31","PEAK"
"1030","2025-03-15","30","DTMF","Bad Bunny","LW","30","PEAK"
"1031","2025-03-15","31","Liar","Jelly Roll","LW","35","PEAK"
"1032","2025-03-15","32","Bed Chem","Sabrina Carpenter","LW","34","PEAK"
"1033","2025-03-15","33","High Road","Koe Wetzel & Jessie Murph","LW","40","PEAK"
"1034","2025-03-15","34","Die Trying","PARTYNEXTDOOR, Drake & Yebba","LW","29","PEAK"
"1035","2025-03-15","35","Sailor Song","Gigi Perez","LW","38","PEAK"
"1036","2025-03-15","36","I Never Lie","Zach Top","LW","46","PEAK"
"1037","2025-03-15","37","BMF","SZA","LW","42","PEAK"
"1038","2025-03-15","38","Gimme A Hug","Drake","LW","28","PEAK"
"1039","2025-03-15","39","I'm Gonna Love You","Cody Johnson & Carrie Underwood","LW","51","PEAK"
"1040","2025-03-15","40","No One Noticed","The Marias","LW","41","PEAK"
"1041","2025-03-15","41","Who","Jimin","LW","33","PEAK"
"1042","2025-03-15","42","Baile Inolvidable","Bad Bunny","LW","39","PEAK"
"1043","2025-03-15","43","Please Please Please","Sabrina Carpenter","LW","36","PEAK"
"1044","2025-03-15","44","Sorry I'm Here For Someone Else","Benson Boone","LW","-","PEAK"
"1045","2025-03-15","45","A N X I E T Y","Sleepy Hallow Featuring Doechii","LW","-","PEAK"
"1046","2025-03-15","46","Peekaboo","Kendrick Lamar Featuring AzChike","LW","37","PEAK"
"1047","2025-03-15","47","Whatchu Kno About Me","GloRilla & Sexyy Red","LW","49","PEAK"
"1048","2025-03-15","48","Wildflower","Billie Eilish","LW","45","PEAK"
"1049","2025-03-15","49","Indigo","Sam Barber Featuring Avery Anna","LW","55","PEAK"
"1050","2025-03-15","50","Smile","Morgan Wallen","LW","48","PEAK"
"1051","2025-03-15","51","Residuals","Chris Brown","LW","56","PEAK"
"1052","2025-03-15","52","Sticky","Tyler, The Creator Featuring GloRilla, Sexyy Red & Lil Wayne","LW","47","PEAK"
"1053","2025-03-15","53","Cry For Me","The Weeknd","LW","50","PEAK"
"1054","2025-03-15","54","Bad Dreams","Teddy Swims","LW","62","PEAK"
"1055","2025-03-15","55","Good News","Shaboozey","LW","63","PEAK"
"1056","2025-03-15","56","Ms. Whitman","Bhad Bhabie","LW","-","PEAK"
"1057","2025-03-15","57","Tweaker","GELO","LW","57","PEAK"
"1058","2025-03-15","58","I Ain't Sayin'","Jordan Davis","LW","65","PEAK"
"1059","2025-03-15","59","Mutt","Leon Thomas","LW","67","PEAK"
"1060","2025-03-15","60","Worst Way","Riley Green","LW","59","PEAK"
"1061","2025-03-15","61","Busy Woman","Sabrina Carpenter","LW","52","PEAK"
"1062","2025-03-15","62","Somebody Loves Me","PARTYNEXTDOOR, Drake & Cash Cobain","LW","61","PEAK"
"1063","2025-03-15","63","Loco","Neton Vega","LW","66","PEAK"
"1064","2025-03-15","64","Ordinary","Alex Warren","LW","71","PEAK"
"1065","2025-03-15","65","Me Jalo","Fuerza Regida & Grupo Frontera","LW","81","PEAK"
"1066","2025-03-15","66","Nuevayol","Bad Bunny","LW","68","PEAK"
"1067","2025-03-15","67","Am I Okay?","Megan Moroney","LW","79","PEAK"
"1068","2025-03-15","68","Fat Juicy & Wet","Sexyy Red & Bruno Mars","LW","70","PEAK"
"1069","2025-03-15","69","Like Him","Tyler, The Creator Featuring Lola Young","LW","73","PEAK"
"1070","2025-03-15","70","Heart Of A Woman","Summer Walker","LW","80","PEAK"
"1071","2025-03-15","71","Dear God","Tate McRae","LW","44","PEAK"
"1072","2025-03-15","72","Call Me When You Break Up","Selena Gomez, Benny Blanco & Gracie Abrams","LW","58","PEAK"
"1073","2025-03-15","73","I Know Love","Tate McRae Featauring The Kid Laroi","LW","43","PEAK"
"1074","2025-03-15","74","4x4xU","Lainey Wilson","LW","77","PEAK"
"1075","2025-03-15","75","Purple Lace Bra","Tate McRae","LW","53","PEAK"
"1076","2025-03-15","76","Miss Possessive","Tate McRae","LW","54","PEAK"
"1077","2025-03-15","77","cLOUDs","J. Cole","LW","69","PEAK"
"1078","2025-03-15","78RE-ENTRY","Hard Fought Hallelujah","Brandon Lake X Jelly Roll","LW","-","PEAK"
"1079","2025-03-15","79","Por Esos Ojos","Fuerza Regida","LW","85","PEAK"
"1080","2025-03-15","80","CN Tower","PARTYNEXTDOOR & Drake","LW","60","PEAK"
"1081","2025-03-15","81","Little Things","Ella Mai","LW","89","PEAK"
"1082","2025-03-15","82","Backseat Driver","Kane Brown","LW","93","PEAK"
"1083","2025-03-15","83","Headlock","Imogen Heap","LW","82","PEAK"
"1084","2025-03-15","84","No Pole","Don Toliver","LW","96","PEAK"
"1085","2025-03-15","85","Tattoo","Tito Double P","LW","-","PEAK"
"1086","2025-03-15","86","Voy A Llevarte Pa PR","Bad Bunny","LW","84","PEAK"
"1087","2025-03-15","87","The Largest","BigXthaPlug","LW","88","PEAK"
"1088","2025-03-15","88","Weren't For The Wind","Ella Langley","LW","100","PEAK"
"1089","2025-03-15","89","Something About You","PARTYNEXTDOOR & Drake","LW","72","PEAK"
"1090","2025-03-15","90","Que Pasaria...","Rauw Alejandro & Bad Bunny","LW","98","PEAK"
"1091","2025-03-15","91RE-ENTRY","Burning Down","Alex Warren","LW","-","PEAK"
"1092","2025-03-15","92","EOO","Bad Bunny","LW","92","PEAK"
"1093","2025-03-15","93RE-ENTRY","Push 2 Start","Tyla","LW","-","PEAK"
"1094","2025-03-15","94RE-ENTRY","Tu Boda","Oscar Maydon & Fuerza Regida","LW","-","PEAK"
"1095","2025-03-15","95RE-ENTRY","Are You Even Real","Teddy Swims & GIVEON","LW","-","PEAK"
"1096","2025-03-15","96RE-ENTRY","Born Again","LISA Featuring Doja Cat & RAYE","LW","-","PEAK"
"1097","2025-03-15","97RE-ENTRY","Twenties","Giveon","LW","-","PEAK"
"1098","2025-03-15","98","Deeper","PARTYNEXTDOOR","LW","78","PEAK"
"1099","2025-03-15","99RE-ENTRY","Holy Smokes","Bailey Zimmerman","LW","-","PEAK"
"1100","2025-03-15","100RE-ENTRY","7 Dias","Gabito Ballesteros & Tito Double P","LW","-","PEAK"
"1101","2025-03-22","1","Luther","Kendrick Lamar & SZA","LW","1","PEAK"
"1102","2025-03-22","2","Die With A Smile","Lady Gaga & Bruno Mars","LW","2","PEAK"
"1103","2025-03-22","3","Not Like Us","Kendrick Lamar","LW","3","PEAK"
"1104","2025-03-22","4","A Bar Song (Tipsy)","Shaboozey","LW","5","PEAK"
"1105","2025-03-22","5","TV Off","Kendrick Lamar Featuring Lefty Gunplay","LW","4","PEAK"
"1106","2025-03-22","6","APT.","ROSE & Bruno Mars","LW","6","PEAK"
"1107","2025-03-22","7","Pink Pony Club","Chappell Roan","LW","8","PEAK"
"1108","2025-03-22","8","Nokia","Drake","LW","10","PEAK"
"1109","2025-03-22","9","Birds Of A Feather","Billie Eilish","LW","7","PEAK"
"1110","2025-03-22","10","Lose Control","Teddy Swims","LW","9","PEAK"
"1111","2025-03-22","11","That's So True","Gracie Abrams","LW","11","PEAK"
"1112","2025-03-22","12","Beautiful Things","Benson Boone","LW","12","PEAK"
"1113","2025-03-22","13","Anxiety","Doechii","LW","-","PEAK"
"1114","2025-03-22","14","I Had Some Help","Post Malone Featuring Morgan Wallen","LW","15","PEAK"
"1115","2025-03-22","15","Love Somebody","Morgan Wallen","LW","13","PEAK"
"1116","2025-03-22","16","Squabble Up","Kendrick Lamar","LW","14","PEAK"
"1117","2025-03-22","17","I'm The Problem","Morgan Wallen","LW","17","PEAK"
"1118","2025-03-22","18","Espresso","Sabrina Carpenter","LW","18","PEAK"
"1119","2025-03-22","19","Abracadabra","Lady Gaga","LW","29","PEAK"
"1120","2025-03-22","20","30 For 30","SZA With Kendrick Lamar","LW","16","PEAK"
"1121","2025-03-22","21","Timeless","The Weeknd & Playboi Carti","LW","19","PEAK"
"1122","2025-03-22","22","Sports Car","Tate McRae","LW","21","PEAK"
"1123","2025-03-22","23","Denial Is A River","Doechii","LW","22","PEAK"
"1124","2025-03-22","24","Messy","Lola Young","LW","20","PEAK"
"1125","2025-03-22","25","Taste","Sabrina Carpenter","LW","23","PEAK"
"1126","2025-03-22","26","Too Sweet","Hozier","LW","24","PEAK"
"1127","2025-03-22","27","Good Luck, Babe!","Chappell Roan","LW","27","PEAK"
"1128","2025-03-22","28","Stargazing","Myles Smith","LW","28","PEAK"
"1129","2025-03-22","29","Who","Jimin","LW","41","PEAK"
"1130","2025-03-22","30","Bed Chem","Sabrina Carpenter","LW","32","PEAK"
"1131","2025-03-22","31","Revolving Door","Tate McRae","LW","25","PEAK"
"1132","2025-03-22","32","Liar","Jelly Roll","LW","31","PEAK"
"1133","2025-03-22","33","All The Stars","Kendrick Lamar & SZA","LW","26","PEAK"
"1134","2025-03-22","34","I Never Lie","Zach Top","LW","36","PEAK"
"1135","2025-03-22","35","DTMF","Bad Bunny","LW","30","PEAK"
"1136","2025-03-22","36","High Road","Koe Wetzel & Jessie Murph","LW","33","PEAK"
"1137","2025-03-22","37","I'm Gonna Love You","Cody Johnson & Carrie Underwood","LW","39","PEAK"
"1138","2025-03-22","38","Sailor Song","Gigi Perez","LW","35","PEAK"
"1139","2025-03-22","39","BMF","SZA","LW","37","PEAK"
"1140","2025-03-22","40","Die Trying","PARTYNEXTDOOR, Drake & Yebba","LW","34","PEAK"
"1141","2025-03-22","41","No One Noticed","The Marias","LW","40","PEAK"
"1142","2025-03-22","42","Indigo","Sam Barber Featuring Avery Anna","LW","49","PEAK"
"1143","2025-03-22","43","Ordinary","Alex Warren","LW","64","PEAK"
"1144","2025-03-22","44","Baile Inolvidable","Bad Bunny","LW","42","PEAK"
"1145","2025-03-22","45","Bad Dreams","Teddy Swims","LW","54","PEAK"
"1146","2025-03-22","46","Wildflower","Billie Eilish","LW","48","PEAK"
"1147","2025-03-22","47","Whatchu Kno About Me","GloRilla & Sexyy Red","LW","47","PEAK"
"1148","2025-03-22","48","Worst Way","Riley Green","LW","60","PEAK"
"1149","2025-03-22","49","Residuals","Chris Brown","LW","51","PEAK"
"1150","2025-03-22","50","Please Please Please","Sabrina Carpenter","LW","43","PEAK"
"1151","2025-03-22","51","Good News","Shaboozey","LW","55","PEAK"
"1152","2025-03-22","52","Garden Of Eden","Lady Gaga","LW","-","PEAK"
"1153","2025-03-22","53","Gimme A Hug","Drake","LW","38","PEAK"
"1154","2025-03-22","54","Smile","Morgan Wallen","LW","50","PEAK"
"1155","2025-03-22","55","Peekaboo","Kendrick Lamar Featuring AzChike","LW","46","PEAK"
"1156","2025-03-22","56","Cry For Me","The Weeknd","LW","53","PEAK"
"1157","2025-03-22","57","Sorry I'm Here For Someone Else","Benson Boone","LW","44","PEAK"
"1158","2025-03-22","58","Sticky","Tyler, The Creator Featuring GloRilla, Sexyy Red & Lil Wayne","LW","52","PEAK"
"1159","2025-03-22","59","A N X I E T Y","Sleepy Hallow Featuring Doechii","LW","45","PEAK"
"1160","2025-03-22","60","Mutt","Leon Thomas","LW","59","PEAK"
"1161","2025-03-22","61","Vanish Into You","Lady Gaga","LW","-","PEAK"
"1162","2025-03-22","62","Tweaker","GELO","LW","57","PEAK"
"1163","2025-03-22","63","Me Jalo","Fuerza Regida & Grupo Frontera","LW","65","PEAK"
"1164","2025-03-22","64","Loco","Neton Vega","LW","63","PEAK"
"1165","2025-03-22","65","Somebody Loves Me","PARTYNEXTDOOR, Drake & Cash Cobain","LW","62","PEAK"
"1166","2025-03-22","66","Sweet Dreams","J-Hope Featuring Miguel","LW","-","PEAK"
"1167","2025-03-22","67","Busy Woman","Sabrina Carpenter","LW","61","PEAK"
"1168","2025-03-22","68","Ms. Whitman","Bhad Bhabie","LW","56","PEAK"
"1169","2025-03-22","69","How Bad Do U Want Me","Lady Gaga","LW","-","PEAK"
"1170","2025-03-22","70","Am I Okay?","Megan Moroney","LW","67","PEAK"
"1171","2025-03-22","71RE-ENTRY","Disease","Lady Gaga","LW","-","PEAK"
"1172","2025-03-22","72","Tattoo","Tito Double P","LW","85","PEAK"
"1173","2025-03-22","73","Hard Fought Hallelujah","Brandon Lake X Jelly Roll","LW","78","PEAK"
"1174","2025-03-22","74","Nuevayol","Bad Bunny","LW","66","PEAK"
"1175","2025-03-22","75","Heart Of A Woman","Summer Walker","LW","70","PEAK"
"1176","2025-03-22","76","Like Him","Tyler, The Creator Featuring Lola Young","LW","69","PEAK"
"1177","2025-03-22","77","I Ain't Sayin'","Jordan Davis","LW","58","PEAK"
"1178","2025-03-22","78","Fat Juicy & Wet","Sexyy Red & Bruno Mars","LW","68","PEAK"
"1179","2025-03-22","79","No Pole","Don Toliver","LW","84","PEAK"
"1180","2025-03-22","80","Handlebars","JENNIE & Dua Lipa","LW","-","PEAK"
"1181","2025-03-22","81","Perfect Celebrity","Lady Gaga","LW","-","PEAK"
"1182","2025-03-22","82","Weren't For The Wind","Ella Langley","LW","88","PEAK"
"1183","2025-03-22","83","like JENNIE","JENNIE","LW","-","PEAK"
"1184","2025-03-22","84","Little Things","Ella Mai","LW","81","PEAK"
"1185","2025-03-22","85","Zombieboy","Lady Gaga","LW","-","PEAK"
"1186","2025-03-22","86","Burning Down","Alex Warren","LW","91","PEAK"
"1187","2025-03-22","87","Proud Of Me","Fridayy & Meek Mill","LW","-","PEAK"
"1188","2025-03-22","88","Por Esos Ojos","Fuerza Regida","LW","79","PEAK"
"1189","2025-03-22","89","Push 2 Start","Tyla","LW","93","PEAK"
"1190","2025-03-22","90","The Largest","BigXthaPlug","LW","87","PEAK"
"1191","2025-03-22","91","4x4xU","Lainey Wilson","LW","74","PEAK"
"1192","2025-03-22","92","Headlock","Imogen Heap","LW","83","PEAK"
"1193","2025-03-22","93","Killah","Lady Gaga Featuring Gesaffelstein","LW","-","PEAK"
"1194","2025-03-22","94","Call Me When You Break Up","Selena Gomez, Benny Blanco & Gracie Abrams","LW","72","PEAK"
"1195","2025-03-22","95","LoveDrug","Lady Gaga","LW","-","PEAK"
"1196","2025-03-22","96","Voy A Llevarte Pa PR","Bad Bunny","LW","86","PEAK"
"1197","2025-03-22","97","Texas","Blake Shelton","LW","-","PEAK"
"1198","2025-03-22","98","Tu Boda","Oscar Maydon & Fuerza Regida","LW","94","PEAK"
"1199","2025-03-22","99RE-ENTRY","ExtraL","JENNIE & Doechii","LW","-","PEAK"
"1200","2025-03-22","100","Te Queria Ver","Aleman X Neton Vega","LW","-","PEAK"
"1201","2025-03-29","1","Luther","Kendrick Lamar & SZA","LW","1","PEAK"
"1202","2025-03-29","2","Evil J0rdan","Playboi Carti","LW","-","PEAK"
"1203","2025-03-29","3","Die With A Smile","Lady Gaga & Bruno Mars","LW","2","PEAK"
"1204","2025-03-29","4","Rather Lie","Playboi Carti & The Weeknd","LW","-","PEAK"
"1205","2025-03-29","5","The Giver","Chappell Roan","LW","-","PEAK"
"1206","2025-03-29","6","A Bar Song (Tipsy)","Shaboozey","LW","4","PEAK"
"1207","2025-03-29","7","Birds Of A Feather","Billie Eilish","LW","9","PEAK"
"1208","2025-03-29","8","Not Like Us","Kendrick Lamar","LW","3","PEAK"
"1209","2025-03-29","9","Pink Pony Club","Chappell Roan","LW","7","PEAK"
"1210","2025-03-29","10","Anxiety","Doechii","LW","13","PEAK"
"1211","2025-03-29","11","Nokia","Drake","LW","8","PEAK"
"1212","2025-03-29","12","Lose Control","Teddy Swims","LW","10","PEAK"
"1213","2025-03-29","13","TV Off","Kendrick Lamar Featuring Lefty Gunplay","LW","5","PEAK"
"1214","2025-03-29","14","APT.","ROSE & Bruno Mars","LW","6","PEAK"
"1215","2025-03-29","15","Beautiful Things","Benson Boone","LW","12","PEAK"
"1216","2025-03-29","16","That's So True","Gracie Abrams","LW","11","PEAK"
"1217","2025-03-29","17","Good Credit","Playboi Carti & Kendrick Lamar","LW","-","PEAK"
"1218","2025-03-29","18","Love Somebody","Morgan Wallen","LW","15","PEAK"
"1219","2025-03-29","19","I Had Some Help","Post Malone Featuring Morgan Wallen","LW","14","PEAK"
"1220","2025-03-29","20","Crush","Playboi Carti & Travis Scott","LW","-","PEAK"
"1221","2025-03-29","21","I'm The Problem","Morgan Wallen","LW","17","PEAK"
"1222","2025-03-29","22","Espresso","Sabrina Carpenter","LW","18","PEAK"
"1223","2025-03-29","23","Timeless","The Weeknd & Playboi Carti","LW","21","PEAK"
"1224","2025-03-29","24","Squabble Up","Kendrick Lamar","LW","16","PEAK"
"1225","2025-03-29","25","Backd00r","Playboi Carti Featuring Kendrick Lamar & Jhene Aiko","LW","-","PEAK"
"1226","2025-03-29","26","30 For 30","SZA With Kendrick Lamar","LW","20","PEAK"
"1227","2025-03-29","27","Mojo Jojo","Playboi Carti","LW","-","PEAK"
"1228","2025-03-29","28","Philly","Playboi Carti & Travis Scott","LW","-","PEAK"
"1229","2025-03-29","29","Messy","Lola Young","LW","24","PEAK"
"1230","2025-03-29","30","Sports Car","Tate McRae","LW","22","PEAK"
"1231","2025-03-29","31","Denial Is A River","Doechii","LW","23","PEAK"
"1232","2025-03-29","32","Too Sweet","Hozier","LW","26","PEAK"
"1233","2025-03-29","33","Fine Shit","Playboi Carti","LW","-","PEAK"
"1234","2025-03-29","34","Toxic","Playboi Carti & Skepta","LW","-","PEAK"
"1235","2025-03-29","35","Ordinary","Alex Warren","LW","43","PEAK"
"1236","2025-03-29","36","Taste","Sabrina Carpenter","LW","25","PEAK"
"1237","2025-03-29","37","Abracadabra","Lady Gaga","LW","19","PEAK"
"1238","2025-03-29","38","K Pop","Playboi Carti","LW","-","PEAK"
"1239","2025-03-29","39","Good Luck, Babe!","Chappell Roan","LW","27","PEAK"
"1240","2025-03-29","40","Bed Chem","Sabrina Carpenter","LW","30","PEAK"
"1241","2025-03-29","41","Pop Out","Playboi Carti","LW","-","PEAK"
"1242","2025-03-29","42","Stargazing","Myles Smith","LW","28","PEAK"
"1243","2025-03-29","43","Radar","Playboi Carti","LW","-","PEAK"
"1244","2025-03-29","44","I Never Lie","Zach Top","LW","34","PEAK"
"1245","2025-03-29","45","Dark Thoughts","Lil Tecca","LW","-","PEAK"
"1246","2025-03-29","46","Trim","Playboi Carti & Future","LW","-","PEAK"
"1247","2025-03-29","47","I'm Gonna Love You","Cody Johnson & Carrie Underwood","LW","37","PEAK"
"1248","2025-03-29","48","HBA","Playboi Carti","LW","-","PEAK"
"1249","2025-03-29","49","Charge Dem Hoes A Fee","Playboi Carti, Future & Travis Scott","LW","-","PEAK"
"1250","2025-03-29","50","Sailor Song","Gigi Perez","LW","38","PEAK"
"1251","2025-03-29","51","DTMF","Bad Bunny","LW","35","PEAK"
"1252","2025-03-29","52","Wake Up F1lthy","Playboi Carti & Travis Scott","LW","-","PEAK"
"1253","2025-03-29","53","Jumpin","Playboi Carti & Lil Uzi Vert","LW","-","PEAK"
"1254","2025-03-29","54","I Seeeeee You Baby Boi","Playboi Carti","LW","-","PEAK"
"1255","2025-03-29","55","Crank","Playboi Carti","LW","-","PEAK"
"1256","2025-03-29","56","Like Weezy","Playboi Carti","LW","-","PEAK"
"1257","2025-03-29","57","Emergence","Sleep Token","LW","-","PEAK"
"1258","2025-03-29","58","Twin Trim","Playboi Carti & Lil Uzi Vert","LW","-","PEAK"
"1259","2025-03-29","59","Revolving Door","Tate McRae","LW","31","PEAK"
"1260","2025-03-29","60","Bad Dreams","Teddy Swims","LW","45","PEAK"
"1261","2025-03-29","61","BMF","SZA","LW","39","PEAK"
"1262","2025-03-29","62","Residuals","Chris Brown","LW","49","PEAK"
"1263","2025-03-29","63","Indigo","Sam Barber Featuring Avery Anna","LW","42","PEAK"
"1264","2025-03-29","64","No One Noticed","The Marias","LW","41","PEAK"
"1265","2025-03-29","65","Olympian","Playboi Carti","LW","-","PEAK"
"1266","2025-03-29","66","Worst Way","Riley Green","LW","48","PEAK"
"1267","2025-03-29","67","Wildflower","Billie Eilish","LW","46","PEAK"
"1268","2025-03-29","68","Baile Inolvidable","Bad Bunny","LW","44","PEAK"
"1269","2025-03-29","69","Munyun","Playboi Carti","LW","-","PEAK"
"1270","2025-03-29","70","Sorry I'm Here For Someone Else","Benson Boone","LW","57","PEAK"
"1271","2025-03-29","71","We Need All Da Vibes","Playboi Carti, Young Thug & Ty Dolla $ign","LW","-","PEAK"
"1272","2025-03-29","72","Good News","Shaboozey","LW","51","PEAK"
"1273","2025-03-29","73","Cry For Me","The Weeknd","LW","56","PEAK"
"1274","2025-03-29","74","Smile","Morgan Wallen","LW","54","PEAK"
"1275","2025-03-29","75","OPM Babi","Playboi Carti","LW","-","PEAK"
"1276","2025-03-29","76","Die Trying","PARTYNEXTDOOR, Drake & Yebba","LW","40","PEAK"
"1277","2025-03-29","77","Mutt","Leon Thomas","LW","60","PEAK"
"1278","2025-03-29","78","Gimme A Hug","Drake","LW","53","PEAK"
"1279","2025-03-29","79","Peekaboo","Kendrick Lamar Featuring AzChike","LW","55","PEAK"
"1280","2025-03-29","80","Cocaine Nose","Playboi Carti","LW","-","PEAK"
"1281","2025-03-29","81","Me Jalo","Fuerza Regida & Grupo Frontera","LW","63","PEAK"
"1282","2025-03-29","82","Tweaker","GELO","LW","62","PEAK"
"1283","2025-03-29","83","Somebody Loves Me","PARTYNEXTDOOR, Drake & Cash Cobain","LW","65","PEAK"
"1284","2025-03-29","84","Loco","Neton Vega","LW","64","PEAK"
"1285","2025-03-29","85","Dis 1 Got It","Playboi Carti","LW","-","PEAK"
"1286","2025-03-29","86","Overly","Playboi Carti","LW","-","PEAK"
"1287","2025-03-29","87","Busy Woman","Sabrina Carpenter","LW","67","PEAK"
"1288","2025-03-29","88","South Atlanta Baby","Playboi Carti","LW","-","PEAK"
"1289","2025-03-29","89","Nuevayol","Bad Bunny","LW","74","PEAK"
"1290","2025-03-29","90","Heart Of A Woman","Summer Walker","LW","75","PEAK"
"1291","2025-03-29","91","Tattoo","Tito Double P","LW","72","PEAK"
"1292","2025-03-29","92","Hard Fought Hallelujah","Brandon Lake X Jelly Roll","LW","73","PEAK"
"1293","2025-03-29","93","Like Him","Tyler, The Creator Featuring Lola Young","LW","76","PEAK"
"1294","2025-03-29","94","Burning Down","Alex Warren","LW","86","PEAK"
"1295","2025-03-29","95","Weren't For The Wind","Ella Langley","LW","82","PEAK"
"1296","2025-03-29","96","Walk","Playboi Carti","LW","-","PEAK"
"1297","2025-03-29","97","I Ain't Sayin'","Jordan Davis","LW","77","PEAK"
"1298","2025-03-29","98","No Pole","Don Toliver","LW","79","PEAK"
"1299","2025-03-29","99","Am I Okay?","Megan Moroney","LW","70","PEAK"
"1300","2025-03-29","100","Ms. Whitman","Bhad Bhabie","LW","68","PEAK"
